Names,Niche Link,Atheletic Division,Acceptance Rate,Undergrad #,Graduation Rate,School Website
Princeton University,https://www.niche.com/colleges/princeton-university/,NCAA Division I-FCS,7%,"5,251",97%,http://www.princeton.edu
Harvard University,https://www.niche.com/colleges/harvard-university/,NCAA Division I-FCS,5%,"7,151",97%,http://www.harvard.edu
Columbia University,https://www.niche.com/colleges/columbia-university/,NCAA Division I-FCS,7%,"7,552",94%,http://www.columbia.edu
Massachusetts Institute of Technology,https://www.niche.com/colleges/massachusetts-institute-of-technology/,NCAA Division III (with football),8%,"4,476",93%,http://web.mit.edu/
University of Chicago,https://www.niche.com/colleges/university-of-chicago/,NCAA Division III (with football),8%,"5,978",94%,http://www.uchicago.edu
Yale University,https://www.niche.com/colleges/yale-university/,NCAA Division I-FCS,6%,"5,469",98%,https://www.yale.edu/
Stanford University,https://www.niche.com/colleges/stanford-university/,NCAA Division I-FBS,5%,"7,034",94%,http://www.stanford.edu/
Duke University,https://www.niche.com/colleges/duke-university/,NCAA Division I-FBS,11%,"6,577",95%,https://duke.edu/
University of Pennsylvania,https://www.niche.com/colleges/university-of-pennsylvania/,NCAA Division I-FCS,9%,"10,468",95%,http://www.upenn.edu
Johns Hopkins University,https://www.niche.com/colleges/johns-hopkins-university/,Other,13%,"5,621",92%,https://www.jhu.edu/
Northwestern University,https://www.niche.com/colleges/northwestern-university/,NCAA Division I-FBS,11%,"8,298",94%,http://www.northwestern.edu
California Institute of Technology,https://www.niche.com/colleges/california-institute-of-technology/,NCAA Division III (without football),8%,979,94%,http://www.caltech.edu
Dartmouth College,https://www.niche.com/colleges/dartmouth-college/,NCAA Division I-FCS,11%,"4,270",97%,http://www.dartmouth.edu
Brown University,https://www.niche.com/colleges/brown-university/,NCAA Division I-FCS,9%,"6,565",96%,http://www.brown.edu
Vanderbilt University,https://www.niche.com/colleges/vanderbilt-university/,NCAA Division I-FBS,11%,"6,817",92%,http://www.vanderbilt.edu
Cornell University,https://www.niche.com/colleges/cornell-university/,NCAA Division I-FCS,14%,"14,556",94%,http://www.cornell.edu
Rice University,https://www.niche.com/colleges/rice-university/,NCAA Division I-FBS,15%,"3,836",93%,http://www.rice.edu
University of Notre Dame,https://www.niche.com/colleges/university-of-notre-dame/,NCAA Division I-FBS,19%,"8,514",95%,http://www.nd.edu
University of California--Los Angeles,https://www.niche.com/colleges/university-of-california---los-angeles/,NCAA Division I-FBS,18%,"30,343",91%,http://www.ucla.edu/
Washington University in St. Louis,https://www.niche.com/colleges/washington-university-in-st-louis/,NCAA Division III (with football),17%,"6,915",94%,http://www.wustl.edu
Emory University,https://www.niche.com/colleges/emory-university/,NCAA Division III (without football),25%,"6,714",91%,http://www.emory.edu
Georgetown University,https://www.niche.com/colleges/georgetown-university/,NCAA Division I-FCS,17%,"7,056",94%,http://www.georgetown.edu
University of California--Berkeley,https://www.niche.com/colleges/university-of-california---berkeley/,NCAA Division I-FBS,17%,"28,108",92%,http://www.berkeley.edu
University of Southern California,https://www.niche.com/colleges/university-of-southern-california/,NCAA Division I-FBS,17%,"18,195",92%,http://www.usc.edu/
Carnegie Mellon University,https://www.niche.com/colleges/carnegie-mellon-university/,NCAA Division III (with football),22%,"6,069",90%,http://www.cmu.edu/
University of Virginia,https://www.niche.com/colleges/university-of-virginia/,NCAA Division I-FBS,30%,"15,476",94%,http://www.virginia.edu
Tufts University,https://www.niche.com/colleges/tufts-university/,NCAA Division III (with football),14%,"5,435",92%,http://www.tufts.edu
University of Michigan--Ann Arbor,https://www.niche.com/colleges/university-of-michigan---ann-arbor/,NCAA Division I-FBS,29%,"27,969",91%,http://www.umich.edu
Wake Forest University,https://www.niche.com/colleges/wake-forest-university/,NCAA Division I-FBS,30%,"4,900",88%,http://www.wfu.edu
New York University,https://www.niche.com/colleges/new-york-university/,NCAA Division III (without football),32%,"24,888",85%,http://www.nyu.edu
University of California--Santa Barbara,https://www.niche.com/colleges/university-of-california---santa-barbara/,NCAA Division I (without football),36%,"21,199",82%,http://www.ucsb.edu
University of North Carolina--Chapel Hill,https://www.niche.com/colleges/university-of-north-carolina-at-chapel-hill/,NCAA Division I-FBS,27%,"17,869",91%,http://www.unc.edu
University of California--Irvine,https://www.niche.com/colleges/university-of-california---irvine/,NCAA Division I (without football),41%,"26,889",87%,http://www.uci.edu/
University of Rochester,https://www.niche.com/colleges/university-of-rochester/,NCAA Division III (with football),36%,"6,170",85%,http://www.rochester.edu/
Brandeis University,https://www.niche.com/colleges/brandeis-university/,NCAA Division III (without football),33%,"3,591",90%,http://www.brandeis.edu/
Georgia Institute of Technology,https://www.niche.com/colleges/georgia-institute-of-technology/,NCAA Division I-FBS,26%,"13,815",86%,http://www.gatech.edu
University of Florida,https://www.niche.com/colleges/university-of-florida/,NCAA Division I-FBS,46%,"31,014",87%,http://www.ufl.edu/
Boston College,https://www.niche.com/colleges/boston-college/,NCAA Division I-FBS,31%,"9,647",93%,http://www.bc.edu
College of William and Mary,https://www.niche.com/colleges/college-of-william--and--mary/,NCAA Division I-FCS,37%,"6,209",91%,http://www.wm.edu
University of California--Davis,https://www.niche.com/colleges/university-of-california---davis/,NCAA Division I-FCS,42%,"28,564",85%,http://www.ucdavis.edu
University of California--San Diego,https://www.niche.com/colleges/university-of-california---san-diego/,NCAA Division II (without football),36%,"27,386",87%,http://www.ucsd.edu
Boston University,https://www.niche.com/colleges/boston-university/,NCAA Division I (without football),29%,"16,628",87%,http://www.bu.edu/
Case Western Reserve University,https://www.niche.com/colleges/case-western-reserve-university/,NCAA Division III (with football),35%,"4,990",82%,http://case.edu
Northeastern University,https://www.niche.com/colleges/northeastern-university/,NCAA Division I (without football),29%,"13,444",86%,http://www.northeastern.edu
Tulane University,https://www.niche.com/colleges/tulane-university/,NCAA Division I-FBS,26%,"6,487",83%,http://tulane.edu
Pepperdine University,https://www.niche.com/colleges/pepperdine-university/,NCAA Division I (without football),37%,"3,222",87%,http://www.pepperdine.edu/
University of Georgia,https://www.niche.com/colleges/university-of-georgia/,NCAA Division I-FBS,54%,"26,328",85%,http://www.uga.edu
University of Illinois--Urbana-Champaign,https://www.niche.com/colleges/university-of-illinois-at-urbana-champaign/,NCAA Division I-FBS,60%,"32,540",85%,http://www.illinois.edu/
Rensselaer Polytechnic Institute,https://www.niche.com/colleges/rensselaer-polytechnic-institute/,NCAA Division III (with football),44%,"6,200",80%,http://www.rpi.edu
University of Texas--Austin,https://www.niche.com/colleges/university-of-texas---austin/,NCAA Division I-FBS,40%,"37,234",81%,http://www.utexas.edu
University of Wisconsin--Madison,https://www.niche.com/colleges/university-of-wisconsin/,NCAA Division I-FBS,53%,"28,577",85%,http://www.wisc.edu
Villanova University,https://www.niche.com/colleges/villanova-university/,NCAA Division I-A,44%,"6,469",90%,http://www.villanova.edu
Lehigh University,https://www.niche.com/colleges/lehigh-university/,NCAA Division I-FCS,26%,"5,003",89%,http://www.lehigh.edu
Syracuse University,https://www.niche.com/colleges/syracuse-university/,NCAA Division I-FBS,52%,"14,607",82%,https://www.syracuse.edu/
University of Miami,https://www.niche.com/colleges/university-of-miami/,NCAA Division I-FBS,38%,"10,164",82%,http://www.miami.edu/
Ohio State University--Columbus,https://www.niche.com/colleges/the-ohio-state-university/,NCAA Division I-FBS,54%,"41,862",84%,http://www.osu.edu/
Purdue University--West Lafayette,https://www.niche.com/colleges/purdue-university/,NCAA Division I-FBS,56%,"29,309",76%,http://www.purdue.edu
Rutgers University--New Brunswick,https://www.niche.com/colleges/rutgers-university---new-brunswick/,NCAA Division I-FBS,57%,"34,020",80%,https://newbrunswick.rutgers.edu/
Pennsylvania State University--University Park,https://www.niche.com/colleges/penn-state/,NCAA Division I-FBS,56%,"40,139",86%,http://www.psu.edu/
Southern Methodist University,https://www.niche.com/colleges/southern-methodist-university/,NCAA Division I-FBS,49%,"6,296",79%,http://www.smu.edu
University of Washington,https://www.niche.com/colleges/university-of-washington/,NCAA Division I-FBS,45%,"28,380",84%,http://www.washington.edu
Worcester Polytechnic Institute,https://www.niche.com/colleges/worcester-polytechnic-institute/,NCAA Division III (with football),48%,"4,275",86%,http://www.wpi.edu
George Washington University,https://www.niche.com/colleges/george-washington-university/,NCAA Division I (without football),40%,"10,430",84%,http://www.gwu.edu
University of Connecticut,https://www.niche.com/colleges/university-of-connecticut/,NCAA Division I-FBS,49%,"18,655",82%,http://uconn.edu/
University of Maryland--College Park,https://www.niche.com/colleges/university-of-maryland---college-park/,NCAA Division I-FBS,48%,"26,350",86%,http://www.umd.edu
Brigham Young University--Provo,https://www.niche.com/colleges/brigham-young-university/,NCAA Division I-FBS,51%,"28,012",83%,http://www.byu.edu
Clark University,https://www.niche.com/colleges/clark-university/,NCAA Division III (without football),57%,"2,227",83%,https://www.clarku.edu
Clemson University,https://www.niche.com/colleges/clemson-university/,NCAA Division I-FBS,51%,"17,883",81%,http://www.clemson.edu
Texas A&M University--College Station,https://www.niche.com/colleges/texas-a-and-m-university/,NCAA Division I-FBS,67%,"45,091",80%,http://www.tamu.edu
Florida State University,https://www.niche.com/colleges/florida-state-university/,NCAA Division I-FBS,58%,"29,281",80%,http://www.fsu.edu
Fordham University,https://www.niche.com/colleges/fordham-university/,NCAA Division I-FCS,45%,"8,763",80%,http://www.fordham.edu
Stevens Institute of Technology,https://www.niche.com/colleges/stevens-institute-of-technology/,NCAA Division III (without football),39%,"3,108",83%,https://www.stevens.edu/
University of California--Santa Cruz,https://www.niche.com/colleges/university-of-california---santa-cruz/,NCAA Division III (without football),58%,"16,509",77%,http://www.ucsc.edu/
University of Massachusetts--Amherst,https://www.niche.com/colleges/university-of-massachusetts---amherst/,NCAA Division I-FBS,60%,"21,460",76%,http://www.umass.edu
University of Pittsburgh,https://www.niche.com/colleges/university-of-pittsburgh/,NCAA Division I-FBS,55%,"18,163",81%,https://oafa.pitt.edu/
University of Minnesota--Twin Cities,https://www.niche.com/colleges/university-of-minnesota---twin-cities/,NCAA Division I-FBS,44%,"29,566",78%,https://twin-cities.umn.edu/
Virginia Tech,https://www.niche.com/colleges/virginia-tech/,NCAA Division I-FBS,71%,"25,213",84%,http://www.vt.edu
American University,https://www.niche.com/colleges/american-university/,NCAA Division I (without football),26%,"7,544",81%,http://www.american.edu
Baylor University,https://www.niche.com/colleges/baylor-university/,NCAA Division I-FBS,40%,"14,109",74%,http://www.baylor.edu
Binghamton University--SUNY,https://www.niche.com/colleges/binghamton-university-suny/,NCAA Division I (without football),41%,"13,185",83%,http://www.binghamton.edu
Colorado School of Mines,https://www.niche.com/colleges/colorado-school-of-mines/,NCAA Division II (with football),40%,"4,395",77%,http://www.mines.edu
North Carolina State University--Raleigh,https://www.niche.com/colleges/north-carolina-state-university/,NCAA Division I-FBS,48%,"20,951",77%,https://www.ncsu.edu/
Stony Brook University--SUNY,https://www.niche.com/colleges/stony-brook-university-suny/,NCAA Division I-FCS,41%,"15,858",72%,http://www.stonybrook.edu
Texas Christian University,https://www.niche.com/colleges/texas-christian-university/,NCAA Division I-FBS,38%,"8,608",77%,http://www.tcu.edu/
Yeshiva University,https://www.niche.com/colleges/yeshiva-university/,NCAA Division III (without football),51%,"2,628",82%,http://www.yu.edu
Michigan State University,https://www.niche.com/colleges/michigan-state-university/,NCAA Division I-FBS,66%,"35,447",78%,https://msu.edu/
University of California--Riverside,https://www.niche.com/colleges/university-of-california---riverside/,NCAA Division I (without football),66%,"19,544",73%,http://www.ucr.edu
University of San Diego,https://www.niche.com/colleges/university-of-san-diego/,NCAA Division I-FCS,51%,"5,499",78%,http://www.sandiego.edu/
Howard University,https://www.niche.com/colleges/howard-university/,NCAA Division I-FCS,30%,"5,575",61%,https://www.howard.edu
Indiana University--Bloomington,https://www.niche.com/colleges/indiana-university---bloomington/,NCAA Division I-FBS,79%,"32,005",76%,https://www.indiana.edu/
Loyola University Chicago,https://www.niche.com/colleges/loyola-university-chicago/,NCAA Division I (without football),73%,"10,362",75%,http://www.luc.edu
Marquette University,https://www.niche.com/colleges/marquette-university/,NCAA Division I (without football),84%,"7,974",81%,http://www.marquette.edu
University at Buffalo--SUNY,https://www.niche.com/colleges/university-at-buffalo-suny/,NCAA Division I-FBS,59%,"18,824",74%,http://www.buffalo.edu
University of Delaware,https://www.niche.com/colleges/university-of-delaware/,NCAA Division I-FCS,70%,"17,761",81%,http://www.udel.edu/
University of Iowa,https://www.niche.com/colleges/university-of-iowa/,NCAA Division I-FBS,84%,"20,868",72%,http://admissions.uiowa.edu
Illinois Institute of Technology,https://www.niche.com/colleges/illinois-institute-of-technology/,NCAA Division III (without football),57%,"2,712",71%,http://iit.edu
Miami University--Oxford,https://www.niche.com/colleges/miami-university/,NCAA Division I-FBS,65%,"16,434",78%,http://miamioh.edu
University of Colorado--Boulder,https://www.niche.com/colleges/university-of-colorado---boulder/,NCAA Division I-FBS,77%,"25,802",70%,http://www.colorado.edu
University of Denver,https://www.niche.com/colleges/university-of-denver/,NCAA Division I (without football),53%,"5,491",79%,http://www.du.edu
University of San Francisco,https://www.niche.com/colleges/university-of-san-francisco/,NCAA Division I (without football),71%,"6,450",72%,https://www.usfca.edu/
University of Vermont,https://www.niche.com/colleges/university-of-vermont/,NCAA Division I (without football),69%,"10,183",74%,http://www.uvm.edu
Clarkson University,https://www.niche.com/colleges/clarkson-university/,NCAA Division III (without football),68%,"3,203",71%,http://www.clarkson.edu
Drexel University,https://www.niche.com/colleges/drexel-university/,NCAA Division I (without football),75%,"13,303",70%,http://www.drexel.edu
Rochester Institute of Technology,https://www.niche.com/colleges/rochester-institute-of-technology/,Other,55%,"12,253",66%,http://www.rit.edu/
University of Oregon,https://www.niche.com/colleges/university-of-oregon/,NCAA Division I-FBS,78%,"18,330",72%,https://www.uoregon.edu
New Jersey Institute of Technology,https://www.niche.com/colleges/new-jersey-institute-of-technology/,NCAA Division I (without football),59%,"6,180",61%,http://www.njit.edu/
Saint Louis University,https://www.niche.com/colleges/saint-louis-university/,NCAA Division I (without football),65%,"6,747",74%,https://www.slu.edu/
SUNY College of Environmental Science and Forestry,https://www.niche.com/colleges/suny-college-of-environmental-science--and--forestry/,USCAA,54%,"1,711",75%,http://www.esf.edu
Temple University,https://www.niche.com/colleges/temple-university/,NCAA Division I-FBS,52%,"26,277",71%,http://www.temple.edu
University of Arizona,https://www.niche.com/colleges/university-of-arizona/,NCAA Division I-FBS,79%,"29,149",60%,http://www.arizona.edu
University of New Hampshire,https://www.niche.com/colleges/university-of-new-hampshire/,NCAA Division I-FCS,76%,"12,468",78%,http://www.unh.edu
University of South Carolina,https://www.niche.com/colleges/university-of-south-carolina/,NCAA Division I-FBS,68%,"24,382",73%,http://sc.edu
University of the Pacific,https://www.niche.com/colleges/university-of-the-pacific/,NCAA Division I (without football),66%,"3,383",68%,http://www.pacific.edu
University of Tulsa,https://www.niche.com/colleges/university-of-tulsa/,NCAA Division I-FBS,40%,"3,478",73%,https://utulsa.edu/
Arizona State University--Tempe,https://www.niche.com/colleges/arizona-state-university/,NCAA Division I-FBS,83%,"38,946",67%,https://asu.edu
Auburn University,https://www.niche.com/colleges/auburn-university/,NCAA Division I-FBS,81%,"20,396",75%,http://www.auburn.edu
Rutgers University--Newark,https://www.niche.com/colleges/rutgers-university---newark/,NCAA Division III (without football),65%,"6,680",66%,http://www.newark.rutgers.edu/
University of Tennessee,https://www.niche.com/colleges/university-of-tennessee/,NCAA Division I-FBS,77%,"20,778",69%,http://www.utk.edu
DePaul University,https://www.niche.com/colleges/depaul-university/,NCAA Division I (without football),70%,"13,168",73%,http://www.depaul.edu
Duquesne University,https://www.niche.com/colleges/duquesne-university/,NCAA Division I-FCS,74%,"5,851",79%,http://www.duq.edu
Iowa State University,https://www.niche.com/colleges/iowa-state-university/,NCAA Division I-FBS,87%,"28,872",74%,http://www.iastate.edu
Seton Hall University,https://www.niche.com/colleges/seton-hall-university/,NCAA Division I (without football),67%,"5,494",64%,http://www.shu.edu/
University of Utah,https://www.niche.com/colleges/university-of-utah/,NCAA Division I-FBS,76%,"17,197",65%,http://www.utah.edu
University of Oklahoma,https://www.niche.com/colleges/university-of-oklahoma/,NCAA Division I-FBS,71%,"18,444",68%,http://ou.edu
University of South Florida,https://www.niche.com/colleges/university-of-south-florida/,NCAA Division I-FBS,47%,"24,013",67%,http://www.usf.edu
University of St. Thomas,https://www.niche.com/colleges/university-of-st-thomas---minnesota/,NCAA Division III (with football),83%,"5,786",76%,http://www.stthomas.edu
San Diego State University,https://www.niche.com/colleges/san-diego-state-university/,NCAA Division I-FBS,35%,"26,790",73%,http://www.sdsu.edu
University of Dayton,https://www.niche.com/colleges/university-of-dayton/,NCAA Division I-FCS,60%,"7,873",75%,https://www.udayton.edu
The Catholic University of America,https://www.niche.com/colleges/catholic-university-of-america/,NCAA Division III (with football),80%,"3,096",70%,http://www.cua.edu
University of Alabama,https://www.niche.com/colleges/the-university-of-alabama/,NCAA Division I-FBS,53%,"29,220",69%,https://www.ua.edu/
University of Illinois--Chicago,https://www.niche.com/colleges/university-of-illinois-at-chicago/,NCAA Division I (without football),74%,"16,517",58%,http://www.uic.edu
University of Kansas,https://www.niche.com/colleges/university-of-kansas/,NCAA Division I-FBS,93%,"17,141",63%,http://www.ku.edu
University of Missouri,https://www.niche.com/colleges/university-of-missouri/,NCAA Division I-FBS,75%,"24,124",68%,http://missouri.edu/
University of Nebraska--Lincoln,https://www.niche.com/colleges/university-of-nebraska---lincoln/,NCAA Division I-FBS,75%,"19,381",67%,http://www.unl.edu/
University of Texas--Dallas,https://www.niche.com/colleges/university-of-texas---dallas/,NCAA Division III (without football),68%,"14,323",67%,http://www.utdallas.edu
George Mason University,https://www.niche.com/colleges/george-mason-university/,NCAA Division I (without football),81%,"19,266",70%,https://www2.gmu.edu/
Michigan Technological University,https://www.niche.com/colleges/michigan-technological-university/,NCAA Division II (with football),76%,"5,446",67%,http://www.mtu.edu
University of California--Merced,https://www.niche.com/colleges/university-of-california---merced/,NAIA Division II,74%,"6,741",66%,http://www.ucmerced.edu
University of La Verne,https://www.niche.com/colleges/university-of-la-verne/,NCAA Division III (with football),48%,"3,851",66%,http://www.laverne.edu/
Colorado State University,https://www.niche.com/colleges/colorado-state-university/,NCAA Division I-FBS,78%,"21,977",67%,http://www.colostate.edu
Hofstra University,https://www.niche.com/colleges/hofstra-university/,NCAA Division I (without football),62%,"6,497",64%,http://www.hofstra.edu/home/index.html
Louisiana State University--Baton Rouge,https://www.niche.com/colleges/louisiana-state-university/,NCAA Division I-FBS,76%,"23,212",68%,http://www.lsu.edu
Mercer University,https://www.niche.com/colleges/mercer-university/,NCAA Division I-FCS,69%,"4,035",66%,http://www.mercer.edu
Oregon State University,https://www.niche.com/colleges/oregon-state-university/,NCAA Division I-FBS,77%,"18,852",63%,http://oregonstate.edu
University at Albany--SUNY,https://www.niche.com/colleges/university-at-albany-suny/,NCAA Division I-FCS,54%,"12,421",66%,http://www.albany.edu
Washington State University,https://www.niche.com/colleges/washington-state-university/,NCAA Division I-FBS,72%,"21,652",67%,http://wsu.edu/
Adelphi University,https://www.niche.com/colleges/adelphi-university/,NCAA Division II (without football),70%,"4,742",68%,http://www.adelphi.edu/
Kansas State University,https://www.niche.com/colleges/kansas-state-university/,NCAA Division I-FBS,94%,"17,699",63%,http://www.k-state.edu
The New School,https://www.niche.com/colleges/the-new-school/,DNE,60%,"6,181",68%,http://www.newschool.edu/
University of Cincinnati,https://www.niche.com/colleges/university-of-cincinnati/,NCAA Division I-FBS,76%,"21,558",67%,http://www.uc.edu
University of Kentucky,https://www.niche.com/colleges/university-of-kentucky/,NCAA Division I-FBS,91%,"20,833",64%,http://www.uky.edu
St. John Fisher College,https://www.niche.com/colleges/st-john-fisher-college/,NCAA Division III (with football),65%,"2,601",73%,http://www.sjfc.edu
St. John's University,https://www.niche.com/colleges/st-johns-university---new-york/,NCAA Division I (without football),63%,"11,496",58%,http://www.stjohns.edu
Union University,https://www.niche.com/colleges/union-university/,NCAA Division II (without football),63%,"1,619",68%,http://www.uu.edu
University of Arkansas,https://www.niche.com/colleges/university-of-arkansas/,NCAA Division I-FBS,63%,"19,853",64%,http://www.uark.edu
University of Mississippi,https://www.niche.com/colleges/university-of-mississippi/,NCAA Division I-FBS,78%,"17,852",60%,http://www.olemiss.edu
Biola University,https://www.niche.com/colleges/biola-university/,NCAA Division II,65%,"3,947",72%,https://www.biola.edu
Missouri University of Science & Technology,https://www.niche.com/colleges/missouri-university-of-science--and--technology/,NCAA Division II (with football),79%,"6,215",64%,http://www.mst.edu/
Oklahoma State University,https://www.niche.com/colleges/oklahoma-state-university/,NCAA Division I-FBS,75%,"18,414",63%,http://www.okstate.edu/
University of Alabama--Birmingham,https://www.niche.com/colleges/university-of-alabama---birmingham/,NCAA Division I-FBS,58%,"8,971",53%,http://www.uab.edu
University of Hawaii--Manoa,https://www.niche.com/colleges/university-of-hawaii-at-manoa/,NCAA Division I-FBS,85%,"10,871",58%,http://www.manoa.hawaii.edu
University of Massachusetts--Lowell,https://www.niche.com/colleges/university-of-massachusetts---lowell/,NCAA Division I (without football),61%,"10,019",56%,http://www.uml.edu
University of Rhode Island,https://www.niche.com/colleges/university-of-rhode-island/,NCAA Division I-FCS,73%,"12,485",63%,https://www.uri.edu/
Virginia Commonwealth University,https://www.niche.com/colleges/virginia-commonwealth-university/,NCAA Division I (without football),81%,"20,264",62%,http://www.vcu.edu/
Edgewood College,https://www.niche.com/colleges/edgewood-college/,NCAA Division III (without football),76%,"1,450",63%,https://www.edgewood.edu
University of Central Florida,https://www.niche.com/colleges/university-of-central-florida/,NCAA Division I-FBS,50%,"38,508",69%,http://www.ucf.edu/
University of Idaho,https://www.niche.com/colleges/university-of-idaho/,NCAA Division I-FBS,76%,"7,269",56%,https://www.uidaho.edu
University of Maryland--Baltimore County,https://www.niche.com/colleges/university-of-maryland---baltimore-county/,NCAA Division I (without football),57%,"9,484",64%,http://umbc.edu
Montclair State University,https://www.niche.com/colleges/montclair-state-university/,NCAA Division III (with football),66%,"21,000",65%,http://www.montclair.edu
Seattle Pacific University,https://www.niche.com/colleges/seattle-pacific-university/,NCAA Division II (without football),87%,"2,998",71%,http://www.spu.edu
Ball State University,https://www.niche.com/colleges/ball-state-university/,NCAA Division I-FBS,62%,"15,110",58%,http://bsu.edu
Illinois State University,https://www.niche.com/colleges/illinois-state-university/,NCAA Division I-FCS,89%,"17,456",72%,https://illinoisstate.edu/
Ohio University,https://www.niche.com/colleges/ohio-university/,NCAA Division I-FBS,75%,"17,866",64%,http://www.ohio.edu
Rowan University,https://www.niche.com/colleges/rowan-university/,NCAA Division III (with football),71%,"12,731",71%,http://www.rowan.edu
University of Houston,https://www.niche.com/colleges/university-of-houston/,NCAA Division I-FBS,59%,"25,818",51%,http://www.uh.edu/
University of Louisville,https://www.niche.com/colleges/university-of-louisville/,NCAA Division I-FBS,73%,"12,434",53%,http://www.louisville.edu
Florida Institute of Technology,https://www.niche.com/colleges/florida-institute-of-technology/,NCAA Division II (with football),61%,"3,286",58%,http://www.fit.edu
Maryville University of St. Louis,https://www.niche.com/colleges/maryville-university/,NCAA Division II (without football),93%,"2,147",75%,http://www.maryville.edu
Mississippi State University,https://www.niche.com/colleges/mississippi-state-university/,NCAA Division I-FBS,56%,"16,695",60%,http://www.msstate.edu
Pace University,https://www.niche.com/colleges/pace-university/,NCAA Division II (with football),84%,"7,691",59%,http://www.pace.edu
Suffolk University,https://www.niche.com/colleges/suffolk-university/,NCAA Division III (without football),84%,"4,906",59%,http://www.suffolk.edu
University of Maine,https://www.niche.com/colleges/university-of-maine/,NCAA Division I-FCS,90%,"8,125",59%,https://umaine.edu
Immaculata University,https://www.niche.com/colleges/immaculata-university/,NCAA Division III (without football),82%,943,67%,https://www.immaculata.edu/
Lesley University,https://www.niche.com/colleges/lesley-university/,NCAA Division III (without football),64%,"1,541",55%,http://www.lesley.edu
Robert Morris University,https://www.niche.com/colleges/robert-morris-university---pennsylvania/,NCAA Division I-FCS,80%,"3,940",61%,https://rmu.edu/
University of Wyoming,https://www.niche.com/colleges/university-of-wyoming/,NCAA Division I-FBS,95%,"8,102",55%,http://www.uwyo.edu
Florida International University,https://www.niche.com/colleges/florida-international-university/,NCAA Division I-FBS,50%,"26,312",56%,http://www.fiu.edu
Georgia State University,https://www.niche.com/colleges/georgia-state-university/,NCAA Division I-FBS,59%,"19,208",53%,http://www.gsu.edu
Texas Tech University,https://www.niche.com/colleges/texas-tech-university/,NCAA Division I-FBS,63%,"26,627",60%,http://www.ttu.edu
University of New Mexico,https://www.niche.com/colleges/university-of-new-mexico/,NCAA Division I-FBS,58%,"15,926",45%,http://www.unm.edu/
Kent State University,https://www.niche.com/colleges/kent-state-university/,NCAA Division I-FBS,85%,"19,250",55%,http://www.kent.edu
Nova Southeastern University,https://www.niche.com/colleges/nova-southeastern-university/,NCAA Division II (without football),53%,"3,051",50%,http://www.nova.edu
University of Massachusetts--Boston,https://www.niche.com/colleges/university-of-massachusetts---boston/,NCAA Division III (without football),69%,"9,283",45%,http://www.umb.edu
Andrews University,https://www.niche.com/colleges/andrews-university/,USCAA,40%,"1,371",63%,http://www.andrews.edu
East Carolina University,https://www.niche.com/colleges/east-carolina-university/,NCAA Division I-FBS,70%,"19,754",61%,http://www.ecu.edu
Indiana University-Purdue University--Indianapolis,https://www.niche.com/colleges/indiana-university-purdue-university---indianapolis-iupui/,NCAA Division I (without football),74%,"17,389",46%,http://www.iupui.edu
Lipscomb University,https://www.niche.com/colleges/lipscomb-university/,NCAA Division I (without football),61%,"2,656",58%,https://www.lipscomb.edu
University of Hartford,https://www.niche.com/colleges/university-of-hartford/,NCAA Division I (without football),72%,"4,508",58%,http://www.hartford.edu
University of North Carolina--Charlotte,https://www.niche.com/colleges/university-of-north-carolina-at-charlotte/,NCAA Division I-FBS,62%,"20,263",57%,http://www.uncc.edu
Widener University,https://www.niche.com/colleges/widener-university/,NCAA Division III (with football),70%,"2,981",57%,http://www.widener.edu
Regent University,https://www.niche.com/colleges/regent-university/,DNE,81%,"2,092",30%,http://www.regent.edu
University of Montana,https://www.niche.com/colleges/university-of-montana/,NCAA Division I-FCS,92%,"7,857",45%,http://www.umt.edu
University of Nevada--Reno,https://www.niche.com/colleges/university-of-nevada---reno/,NCAA Division I-FBS,83%,"15,408",54%,http://www.unr.edu/
University of North Carolina--Greensboro,https://www.niche.com/colleges/university-of-north-carolina---greensboro/,NCAA Division I (without football),74%,"14,116",54%,http://www.uncg.edu
Azusa Pacific University,https://www.niche.com/colleges/azusa-pacific-university/,NCAA Division II (with football),61%,"5,259",70%,http://www.apu.edu
California State University--Fresno,https://www.niche.com/colleges/california-state-university---fresno/,NCAA Division I-FBS,54%,"18,843",57%,http://www.csufresno.edu
Central Michigan University,https://www.niche.com/colleges/central-michigan-university/,NCAA Division I-FBS,72%,"17,190",57%,http://www.cmich.edu
Montana State University,https://www.niche.com/colleges/montana-state-university/,NCAA Division I-FCS,83%,"12,248",53%,http://www.montana.edu/
University of Colorado--Denver,https://www.niche.com/colleges/university-of-colorado---denver/,DNE,61%,"8,530",48%,http://www.ucdenver.edu/
University of North Dakota,https://www.niche.com/colleges/university-of-north-dakota/,NCAA Division I-FCS,84%,"8,827",55%,http://und.edu
Utah State University,https://www.niche.com/colleges/utah-state-university/,NCAA Division I-FBS,90%,"16,991",47%,https://www.usu.edu/
Wayne State University,https://www.niche.com/colleges/wayne-state-university/,NCAA Division II (with football),81%,"12,003",39%,http://www.wayne.edu
Western Michigan University,https://www.niche.com/colleges/western-michigan-university/,NCAA Division I-FBS,82%,"15,048",53%,https://wmich.edu/
West Virginia University,https://www.niche.com/colleges/west-virginia-university/,NCAA Division I-FBS,76%,"20,524",57%,http://www.wvu.edu
Bowling Green State University,https://www.niche.com/colleges/bowling-green-state-university/,NCAA Division I-FBS,76%,"13,184",55%,http://www.bgsu.edu
North Dakota State University,https://www.niche.com/colleges/north-dakota-state-university/,NCAA Division I-FCS,93%,"10,680",56%,https://www.ndsu.edu
Old Dominion University,https://www.niche.com/colleges/old-dominion-university/,NCAA Division I-FBS,85%,"15,203",51%,http://www.odu.edu
Shenandoah University,https://www.niche.com/colleges/shenandoah-university/,NCAA Division III (with football),88%,"2,016",57%,https://www.su.edu/
University of Alaska--Fairbanks,https://www.niche.com/colleges/university-of-alaska-fairbanks/,NCAA Division II (without football),73%,"3,189",25%,http://www.uaf.edu
University of Massachusetts--Dartmouth,https://www.niche.com/colleges/university-of-massachusetts---dartmouth/,NCAA Division III (with football),76%,"6,011",48%,http://www.umassd.edu
Benedictine University,https://www.niche.com/colleges/benedictine-university/,NCAA Division III (with football),77%,"2,708",51%,http://www.ben.edu
California State University--Fullerton,https://www.niche.com/colleges/california-state-university---fullerton/,NCAA Division I (without football),48%,"27,994",62%,http://www.fullerton.edu
Dallas Baptist University,https://www.niche.com/colleges/dallas-baptist-university/,NCAA Division II (without football),43%,"2,408",59%,http://www.dbu.edu
New Mexico State University,https://www.niche.com/colleges/new-mexico-state-university/,NCAA Division I-FBS,60%,"9,874",45%,http://www.nmsu.edu/
University of Texas--Arlington,https://www.niche.com/colleges/university-of-texas---arlington/,NCAA Division I (without football),70%,"16,679",48%,http://www.uta.edu
South Dakota State University,https://www.niche.com/colleges/south-dakota-state-university/,NCAA Division I-FCS,91%,"8,474",53%,http://www.sdstate.edu/
Southern Illinois University--Carbondale,https://www.niche.com/colleges/southern-illinois-university-carbondale/,NCAA Division I-FCS,77%,"10,554",44%,http://www.siu.edu
University of Missouri--St. Louis,https://www.niche.com/colleges/university-of-missouri---st-louis/,NCAA Division II (without football),71%,"5,434",53%,http://www.umsl.edu/
University of South Dakota,https://www.niche.com/colleges/university-of-south-dakota/,NCAA Division I-FCS,88%,"4,943",55%,http://www.usd.edu
American International College,https://www.niche.com/colleges/american-international-college/,NCAA Division II (with football),69%,"1,347",44%,https://www.aic.edu/
Ashland University,https://www.niche.com/colleges/ashland-university/,NCAA Division II (with football),72%,"3,441",63%,https://www.ashland.edu
Augusta University,https://www.niche.com/colleges/augusta-university/,NCAA Division II (without football),77%,"4,133",26%,http://www.augusta.edu
Barry University,https://www.niche.com/colleges/barry-university/,NCAA Division II (without football),62%,"2,924",31%,http://www.barry.edu/?source=niche&ad=home
Boise State University,https://www.niche.com/colleges/boise-state-university/,NCAA Division I-FBS,82%,"12,375",39%,https://www.boisestate.edu/
Cardinal Stritch University,https://www.niche.com/colleges/cardinal-stritch-university/,NAIA Division II,82%,"1,205",46%,http://www.stritch.edu
Clark Atlanta University,https://www.niche.com/colleges/clark-atlanta-university/,NCAA Division II (with football),72%,"2,986",38%,http://www.cau.edu
Cleveland State University,https://www.niche.com/colleges/cleveland-state-university/,NCAA Division I (without football),87%,"9,221",41%,http://www.csuohio.edu/
Eastern Michigan University,https://www.niche.com/colleges/eastern-michigan-university/,NCAA Division I-FBS,73%,"12,880",41%,http://www.emich.edu
East Tennessee State University,https://www.niche.com/colleges/east-tennessee-state-university/,NCAA Division I-FCS,92%,"9,371",40%,http://www.etsu.edu/
Florida A&M University,https://www.niche.com/colleges/florida-a-and-m-university/,NCAA Division I-FCS,31%,"6,623",41%,http://www.famu.edu
Florida Atlantic University,https://www.niche.com/colleges/florida-atlantic-university/,NCAA Division I-FBS,60%,"16,252",50%,http://www.fau.edu/
Gardner-Webb University,https://www.niche.com/colleges/gardner-webb-university/,NCAA Division I-FCS,52%,"1,908",45%,http://www.gardner-webb.edu
Georgia Southern University,https://www.niche.com/colleges/georgia-southern-university/,NCAA Division I-FBS,65%,"15,976",51%,http://www.georgiasouthern.edu
Grand Canyon University,https://www.niche.com/colleges/grand-canyon-university/,NCAA Division I (without football),57%,"14,543",43%,http://www.gcu.edu
Indiana State University,https://www.niche.com/colleges/indiana-state-university/,NCAA Division I-FCS,86%,"9,364",37%,http://www.indstate.edu
Indiana University of Pennsylvania,https://www.niche.com/colleges/indiana-university-of-pennsylvania/,NCAA Division II (with football),92%,"10,006",54%,http://www.iup.edu
Jackson State University,https://www.niche.com/colleges/jackson-state-university/,NCAA Division I-FCS,63%,"6,507",38%,http://www.jsums.edu
Kennesaw State University,https://www.niche.com/colleges/kennesaw-state-university/,NCAA Division I-AA,59%,"24,412",42%,http://www.kennesaw.edu
Lamar University,https://www.niche.com/colleges/lamar-university/,NCAA Division I-FCS,76%,"6,161",33%,http://lamar.edu
Liberty University,https://www.niche.com/colleges/liberty-university/,NCAA Division I-FCS,24%,"27,112",51%,http://www.liberty.edu
Lindenwood University,https://www.niche.com/colleges/lindenwood-university/,NCAA Division II (with football),55%,"6,794",49%,http://www.lindenwood.edu
Louisiana Tech University,https://www.niche.com/colleges/louisiana-tech-university/,NCAA Division I-FBS,63%,"7,850",52%,http://www.latech.edu
Middle Tennessee State University,https://www.niche.com/colleges/middle-tennessee-state-university/,NCAA Division I-FBS,69%,"16,019",43%,http://www.mtsu.edu
Morgan State University,https://www.niche.com/colleges/morgan-state-university/,NCAA Division I-FCS,60%,"5,739",32%,http://www.morgan.edu
National Louis University,https://www.niche.com/colleges/national-louis-university/,DNE,76%,901,30%,https://www.nl.edu/academics/harrisonprofessionalpathwaysprogram/
North Carolina A&T State University,https://www.niche.com/colleges/north-carolina-a-and-t-state-university/,NCAA Division I-FCS,54%,"8,747",43%,http://www.ncat.edu
Northern Arizona University,https://www.niche.com/colleges/northern-arizona-university/,NCAA Division I-FCS,78%,"21,494",53%,https://nau.edu/
Northern Illinois University,https://www.niche.com/colleges/northern-illinois-university/,NCAA Division I-FBS,52%,"12,343",47%,http://www.niu.edu
Oakland University,https://www.niche.com/colleges/oakland-university/,NCAA Division I (without football),86%,"12,968",47%,http://oakland.edu
Portland State University,https://www.niche.com/colleges/portland-state-university/,NCAA Division I-FCS,89%,"14,206",48%,http://www.pdx.edu
Prairie View A&M University,https://www.niche.com/colleges/prairie-view-a--and--m-university/,NCAA Division I-FCS,85%,"6,817",31%,http://www.pvamu.edu
Sam Houston State University,https://www.niche.com/colleges/sam-houston-state-university/,NCAA Division I-FCS,72%,"14,497",51%,http://www.shsu.edu/
San Francisco State University,https://www.niche.com/colleges/san-francisco-state-university/,NCAA Division II (without football),68%,"21,515",53%,http://www.sfsu.edu
Spalding University,https://www.niche.com/colleges/spalding-university/,NCAA Division III (without football),50%,920,47%,http://www.spalding.edu
Tennessee State University,https://www.niche.com/colleges/tennessee-state-university/,NCAA Division I-FCS,100%,"5,699",34%,http://www.tnstate.edu
Tennessee Technological University,https://www.niche.com/colleges/tennessee-technological-university/,NCAA Division I-FCS,67%,"8,441",51%,http://www.tntech.edu
Texas A&M University--Commerce,https://www.niche.com/colleges/texas-a-and-m-university---commerce/,NCAA Division II (with football),46%,"6,015",43%,http://www.tamuc.edu/
Texas A&M University--Corpus Christi,https://www.niche.com/colleges/texas-a-and-m-university---corpus-christi/,NCAA Division I (without football),65%,"8,251",35%,http://www.tamucc.edu
Texas A&M University--Kingsville,https://www.niche.com/colleges/texas-a-and-m-university---kingsville/,NCAA Division II (with football),82%,"5,124",29%,http://www.tamuk.edu
Texas Southern University,https://www.niche.com/colleges/texas-southern-university/,NCAA Division I-FCS,51%,"5,776",17%,http://www.tsu.edu
Texas State University,https://www.niche.com/colleges/texas-state-university/,NCAA Division I-FBS,71%,"28,180",54%,http://www.txstate.edu
Texas Woman's University,https://www.niche.com/colleges/texas-womans-university/,NCAA Division II (without football),86%,"7,014",38%,http://www.twu.edu
Trevecca Nazarene University,https://www.niche.com/colleges/trevecca-nazarene-university/,NCAA Division II (without football),72%,"1,251",49%,https://www.trevecca.edu
Trinity International University,https://www.niche.com/colleges/trinity-international-university---deerfield/,NAIA Division I,60%,655,58%,http://www.tiu.edu
University of Akron,https://www.niche.com/colleges/university-of-akron/,NCAA Division I-FBS,96%,"13,827",38%,http://www.uakron.edu
University of Alabama--Huntsville,https://www.niche.com/colleges/the-university-of-alabama-in-huntsville/,NCAA Division II (without football),76%,"5,257",49%,https://www.uah.edu/
University of Arkansas--Little Rock,https://www.niche.com/colleges/university-of-arkansas-at-little-rock/,NCAA Division I (without football),90%,"4,785",30%,http://ualr.edu/www/
University of Louisiana--Lafayette,https://www.niche.com/colleges/university-of-louisiana---lafayette/,NCAA Division I-FBS,51%,"12,876",45%,http://www.louisiana.edu
University of Louisiana--Monroe,https://www.niche.com/colleges/university-of-louisiana---monroe/,NCAA Division I-FBS,76%,"5,208",43%,http://www.ulm.edu
University of Maryland--Eastern Shore,https://www.niche.com/colleges/university-of-maryland-eastern-shore/,NCAA Division I (without football),38%,"2,918",36%,http://www.umes.edu
University of Memphis,https://www.niche.com/colleges/university-of-memphis/,NCAA Division I-FBS,57%,"12,412",42%,http://www.memphis.edu
University of Missouri--Kansas City,https://www.niche.com/colleges/university-of-missouri---kansas-city/,NCAA Division I (without football),62%,"6,669",49%,http://www.umkc.edu/
University of Nebraska--Omaha,https://www.niche.com/colleges/university-of-nebraska-at-omaha/,NCAA Division I (without football),86%,"9,880",45%,http://www.unomaha.edu
University of Nevada--Las Vegas,https://www.niche.com/colleges/university-of-nevada-las-vegas/,NCAA Division I-FBS,83%,"18,322",41%,http://www.unlv.edu/
University of New Orleans,https://www.niche.com/colleges/university-of-new-orleans/,NCAA Division I (without football),60%,"4,684",36%,http://www.uno.edu
University of Northern Colorado,https://www.niche.com/colleges/university-of-northern-colorado/,NCAA Division I-FCS,90%,"8,348",48%,http://www.unco.edu
University of North Texas,https://www.niche.com/colleges/university-of-north-texas/,NCAA Division I-FBS,72%,"25,486",52%,http://www.unt.edu
University of South Alabama,https://www.niche.com/colleges/university-of-south-alabama/,NCAA Division I-FBS,81%,"9,604",38%,http://www.southalabama.edu
University of Southern Mississippi,https://www.niche.com/colleges/university-of-southern-mississippi/,NCAA Division I-FBS,60%,"10,246",45%,http://www.usm.edu
University of Texas--El Paso,https://www.niche.com/colleges/university-of-texas---el-paso/,NCAA Division I-FBS,100%,"13,341",39%,http://www.utep.edu
University of Texas--Rio Grande Valley,https://www.niche.com/colleges/university-of-texas---rio-grande-valley/,NCAA Division I (without football),64%,"17,854",41%,http://www.utrgv.edu
University of Texas--San Antonio,https://www.niche.com/colleges/university-of-texas---san-antonio/,NCAA Division I-FBS,76%,"20,222",35%,http://www.utsa.edu/
University of the Cumberlands,https://www.niche.com/colleges/university-of-the-cumberlands/,NAIA Division I,71%,"1,742",43%,http://www.ucumberlands.edu
University of Toledo,https://www.niche.com/colleges/university-of-toledo/,NCAA Division I-FBS,94%,"12,936",43%,http://www.utoledo.edu/
University of West Florida,https://www.niche.com/colleges/university-of-west-florida/,NCAA Division II (with football),41%,"7,153",49%,http://uwf.edu
University of West Georgia,https://www.niche.com/colleges/university-of-west-georgia/,NCAA Division II (with football),59%,"9,084",41%,http://www.westga.edu
University of Wisconsin--Milwaukee,https://www.niche.com/colleges/university-of-wisconsin---milwaukee/,NCAA Division I (without football),73%,"17,598",40%,http://uwm.edu
Valdosta State University,https://www.niche.com/colleges/valdosta-state-university/,NCAA Division II (with football),65%,"7,185",36%,http://www.valdosta.edu
Wichita State University,https://www.niche.com/colleges/wichita-state-university/,NCAA Division I (without football),86%,"8,687",46%,http://www.wichita.edu
Wilmington University,https://www.niche.com/colleges/wilmington-university/,NCAA Division II (without football),100%,"3,425",33%,http://www.wilmu.edu
