https://www.usnews.com/best-colleges/princeton-university-2627,Princeton University,#1 in National Universities,"$47,140","5,394",Princeton,NJ,Private,Coed,1746,None,Suburban,$23.4 billion,12%
https://www.usnews.com/best-colleges/harvard-university-2155,Harvard University,#2 in National Universities,"$50,420","6,766",Cambridge,MA,Private,Coed,1746,None,Urban,$37.1 billion,11%
https://www.usnews.com/best-colleges/columbia-university-2707,Columbia University,#3 in National Universities (tie),"$59,430","6,162",New York,NY,Private,Coed,1636,None,Urban,$10.0 billion,DNE
https://www.usnews.com/best-colleges/massachusetts-institute-of-technology-2178,Massachusetts Institute of Technology,#3 in National Universities (tie),"$51,832","4,547",Cambridge,MA,Private,Coed,1636,None,Urban,$14.8 billion +,10%
https://www.usnews.com/best-colleges/university-of-chicago-1774,University of Chicago,#3 in National Universities (tie),"$57,006","6,264",Chicago,IL,Private,Coed,1754,None,Urban,$6.6 billion +,13%
https://www.usnews.com/best-colleges/yale-university-1426,Yale University,#3 in National Universities (tie),"$53,430","5,746",New Haven,CT,Private,Coed,1754,None,City,$27.2 billion +,11%
https://www.usnews.com/best-colleges/stanford-university-1305,Stanford University,#7 in National Universities,"$51,354","7,062",Stanford,CA,Private,Coed,1861,None,Suburban,$24.8 billion,9%
https://www.usnews.com/best-colleges/duke-university-2920,Duke University,#8 in National Universities (tie),"$55,960","6,692",Durham,NC,Private,Coed,1861,None,Suburban,$7.9 billion +,10%
https://www.usnews.com/best-colleges/university-of-pennsylvania-3378,University of Pennsylvania,#8 in National Universities (tie),"$55,584","10,033",Philadelphia,PA,Private,Coed,1890,None,Urban,$12.2 billion +,13%
https://www.usnews.com/best-colleges/jhu-2077,Johns Hopkins University,#10 in National Universities (tie),"$53,740","6,109",Baltimore,MD,Private,Coed,1890,None,Urban,$3.7 billion +,10%
https://www.usnews.com/best-colleges/northwestern-university-1739,Northwestern University,#10 in National Universities (tie),"$54,567","8,278",Evanston,IL,Private,Coed,1701,None,Suburban,$7.9 billion +,9%
https://www.usnews.com/best-colleges/california-institute-of-technology-1131,California Institute of Technology,#12 in National Universities (tie),"$52,362",961,Pasadena,CA,Private,Coed,1701,None,Suburban,$2.6 billion +,9%
https://www.usnews.com/best-colleges/dartmouth-college-2573,Dartmouth College,#12 in National Universities (tie),"$55,035","4,410",Hanover,NH,Private,Coed,1885,None,Rural,$5.0 billion,9%
https://www.usnews.com/best-colleges/brown-university-3401,Brown University,#14 in National Universities (tie),"$55,656","6,988",Providence,RI,Private,Coed,1885,None,City,$3.2 billion +,11%
https://www.usnews.com/best-colleges/vanderbilt-3535,Vanderbilt University,#14 in National Universities (tie),"$49,816","6,885",Nashville,TN,Private,Coed,1838,None,Urban,$4.1 billion +,8%
https://www.usnews.com/best-colleges/cornell-university-2711,Cornell University,#16 in National Universities (tie),"$55,188","14,907",Ithaca,NY,Private,Coed,1838,None,Rural,$6.5 billion +,10%
https://www.usnews.com/best-colleges/rice-3604,Rice University,#16 in National Universities (tie),"$47,350","4,001",Houston,TX,Private,Coed,1740,None,Urban,$5.8 billion +,12%
https://www.usnews.com/best-colleges/university-of-notre-dame-1840,University of Notre Dame,#18 in National Universities,"$53,391","8,576",Notre Dame,IN,Private,Coed,1740,Roman Catholic,City,$9.7 billion,6%
https://www.usnews.com/best-colleges/university-of-california-los-angeles-1315,University of California--Los Angeles,#19 in National Universities (tie),"$41,294 (out-of-state), $13,280 (in-state)","31,002",Los Angeles,CA,Public,Coed,1876,None,Urban,$4.2 billion +,12%
https://www.usnews.com/best-colleges/washington-university-in-st-louis-2520,Washington University in St. Louis,#19 in National Universities (tie),"$53,399","7,675",St. Louis,MO,Private,Coed,1876,None,Suburban,$7.2 billion +,7%
https://www.usnews.com/best-colleges/emory-university-1564,Emory University,#21 in National Universities,"$51,306","6,937",Atlanta,GA,Private,Coed,1851,United Methodist,City,$7.6 billion +,16%
https://www.usnews.com/best-colleges/georgetown-university-1445,Georgetown University,#22 in National Universities (tie),"$54,104","7,463",Washington,DC,Private,Coed,1851,Roman Catholic,Urban,$1.7 billion,13%
https://www.usnews.com/best-colleges/university-of-california-berkeley-1312,University of California--Berkeley,#22 in National Universities (tie),"$43,232 (out-of-state), $14,240 (in-state)","30,574",Berkeley,CA,Public,Coed,1891,None,City,$4.4 billion +,12%
https://www.usnews.com/best-colleges/university-of-southern-california-1328,University of Southern California,#22 in National Universities (tie),"$56,225","19,170",Los Angeles,CA,Private,Coed,1891,None,Urban,$5.1 billion +,13%
https://www.usnews.com/best-colleges/carnegie-mellon-university-3242,Carnegie Mellon University,#25 in National Universities (tie),"$55,465","6,896",Pittsburgh,PA,Private,Coed,1769,None,Urban,$1.7 billion +,22%
https://www.usnews.com/best-colleges/uva-6968,University of Virginia,#25 in National Universities (tie),"$48,891 (out-of-state), $17,350 (in-state)","16,655",Charlottesville,VA,Public,Coed,1769,None,Suburban,$6.3 billion +,4%
https://www.usnews.com/best-colleges/tufts-university-2219,Tufts University,#27 in National Universities (tie),"$56,382","5,541",Medford,MA,Private,Coed,1764,None,Suburban,$1.7 billion +,10%
https://www.usnews.com/best-colleges/university-of-michigan-ann-arbor-9092,University of Michigan--Ann Arbor,#27 in National Universities (tie),"$49,350 (out-of-state), $15,262 (in-state)","29,821",Ann Arbor,MI,Public,Coed,1764,None,City,$10.8 billion,7%
https://www.usnews.com/best-colleges/wake-forest-2978,Wake Forest University,#27 in National Universities (tie),"$53,322","5,102",Winston-Salem,NC,Private,Coed,1873,None,Suburban,$1.2 billion +,10%
https://www.usnews.com/best-colleges/nyu-2785,New York University,#30 in National Universities (tie),"$51,828","26,417",New York,NY,Private,Coed,1873,None,Urban,$4.1 billion,19%
https://www.usnews.com/best-colleges/university-of-california-santa-barbara-1320,University of California--Santa Barbara,#30 in National Universities (tie),"$42,486 (out-of-state), $14,472 (in-state)","22,186",Santa Barbara,CA,Public,Coed,1865,None,Suburban,$332.4 million +,10%
https://www.usnews.com/best-colleges/unc-2974,University of North Carolina--Chapel Hill,#30 in National Universities (tie),"$35,169 (out-of-state), $8,986 (in-state)","18,862",Chapel Hill,NC,Public,Coed,1865,None,Suburban,$2.9 billion +,3%
https://www.usnews.com/best-colleges/university-of-california-irvine-1314,University of California--Irvine,#33 in National Universities (tie),"$43,530 (out-of-state), $15,516 (in-state)","29,307",Irvine,CA,Public,Coed,1912,None,Suburban,$853.3 million,17%
https://www.usnews.com/best-colleges/university-of-rochester-2894,University of Rochester,#33 in National Universities (tie),"$53,926","6,546",Rochester,NY,Private,Coed,1912,None,Suburban,$2.1 billion +,24%
https://www.usnews.com/best-colleges/brandeis-university-2133,Brandeis University,#35 in National Universities (tie),"$55,395","3,635",Waltham,MA,Private,Coed,1842,None,Suburban,$976.9 million,21%
https://www.usnews.com/best-colleges/georgia-institute-of-technology-1569,Georgia Institute of Technology,#35 in National Universities (tie),"$33,020 (out-of-state), $12,424 (in-state)","15,573",Atlanta,GA,Public,Coed,1842,None,Urban,$2.0 billion,9%
https://www.usnews.com/best-colleges/university-of-florida-1535,University of Florida,#35 in National Universities (tie),"$28,658 (out-of-state), $6,381 (in-state)","35,247",Gainesville,FL,Public,Coed,1919,None,Suburban,$1.6 billion +,2%
https://www.usnews.com/best-colleges/boston-college-2128,Boston College,#38 in National Universities (tie),"$55,464","9,358",Chestnut Hill,MA,Private,Coed,1919,Roman Catholic,Suburban,$2.3 billion +,7%
https://www.usnews.com/best-colleges/william-and-mary-3705,College of William and Mary,#38 in National Universities (tie),"$44,701 (out-of-state), $21,830 (in-state)","6,285",Williamsburg,VA,Public,Coed,1853,None,Suburban,$874.1 million,6%
https://www.usnews.com/best-colleges/university-of-california-davis-1313,University of California--Davis,#38 in National Universities (tie),"$43,458 (out-of-state), $14,463 (in-state)","30,145",Davis,CA,Public,Coed,1853,None,City,$1.1 billion +,16%
https://www.usnews.com/best-colleges/university-of-california-san-diego-1317,University of California--San Diego,#41 in National Universities,"$42,074 (out-of-state), $14,060 (in-state)","28,587",La Jolla,CA,Public,Coed,1836,None,Urban,$1.4 billion,20%
https://www.usnews.com/best-colleges/boston-university-2130,Boston University,#42 in National Universities (tie),"$53,948","18,080",Boston,MA,Private,Coed,1836,None,Urban,$2.0 billion,22%
https://www.usnews.com/best-colleges/case-western-reserve-university-3024,Case Western Reserve University,#42 in National Universities (tie),"$49,042","5,150",Cleveland,OH,Private,Coed,1789,None,Urban,$1.8 billion,13%
https://www.usnews.com/best-colleges/northeastern-university-2199,Northeastern University,#44 in National Universities (tie),"$51,387","13,825",Boston,MA,Private,Coed,1789,None,Urban,$795.9 million,19%
https://www.usnews.com/best-colleges/tulane-university-2029,Tulane University,#44 in National Universities (tie),"$54,820","6,571",New Orleans,LA,Private,Coed,1868,None,Urban,$1.3 billion,4%
https://www.usnews.com/best-colleges/pepperdine-university-1264,Pepperdine University,#46 in National Universities (tie),"$53,932","3,604",Malibu,CA,Private,Coed,1868,Churches of Christ,Suburban,$860.3 million +,11%
https://www.usnews.com/best-colleges/university-of-georgia-1598,University of Georgia,#46 in National Universities (tie),"$30,404 (out-of-state), $11,830 (in-state)","28,848",Athens,GA,Public,Coed,1880,None,City,$1.2 billion,2%
https://www.usnews.com/best-colleges/university-of-illinois-urbanachampaign-1775,University of Illinois--Urbana-Champaign,#46 in National Universities (tie),"$32,568 (out-of-state), $15,998 (in-state)","33,955",Champaign,IL,Public,Coed,1880,None,City,$1.8 billion +,16%
https://www.usnews.com/best-colleges/rpi-2803,Rensselaer Polytechnic Institute,#49 in National Universities (tie),"$53,880","6,366",Troy,NY,Private,Coed,1900,None,Suburban,$674.3 million +,14%
https://www.usnews.com/best-colleges/university-of-texas-3658,University of Texas--Austin,#49 in National Universities (tie),"$37,480 (out-of-state), $10,606 (in-state)","40,492",Austin,TX,Public,Coed,1900,None,Urban,$3.7 billion,5%
https://www.usnews.com/best-colleges/university-of-wisconsin-3895,University of Wisconsin--Madison,#49 in National Universities (tie),"$36,805 (out-of-state), $10,555 (in-state)","32,196",Madison,WI,Public,Coed,1819,None,City,$3.8 billion,9%
https://www.usnews.com/best-colleges/villanova-3388,Villanova University,#49 in National Universities (tie),"$53,458","6,966",Villanova,PA,Private,Coed,1819,Roman Catholic,Suburban,$641.3 million +,2%
https://www.usnews.com/best-colleges/lehigh-university-3289,Lehigh University,#53 in National Universities (tie),"$52,930","5,075",Bethlehem,PA,Private,Coed,1852,None,City,$1.3 billion,9%
https://www.usnews.com/best-colleges/syracuse-university-2882,Syracuse University,#53 in National Universities (tie),"$51,853","15,252",Syracuse,NY,Private,Coed,1852,None,City,$1.3 billion,13%
https://www.usnews.com/best-colleges/university-of-miami-1536,University of Miami,#53 in National Universities (tie),"$50,226","10,832",Coral Gables,FL,Private,Coed,1817,None,Suburban,$948.6 million,15%
https://www.usnews.com/best-colleges/ohio-state-6883,Ohio State University--Columbus,#56 in National Universities (tie),"$30,742 (out-of-state), $10,726 (in-state)","45,946",Columbus,OH,Public,Coed,1817,None,Urban,$4.2 billion +,8%
https://www.usnews.com/best-colleges/purdue-university-west-lafayette-1825,Purdue University--West Lafayette,#56 in National Universities (tie),"$28,804 (out-of-state), $10,002 (in-state)","31,006",West Lafayette,IN,Public,Coed,1834,None,City,$2.3 billion +,16%
https://www.usnews.com/best-colleges/rutgers-new-brunswick-6964,Rutgers University--New Brunswick,#56 in National Universities (tie),"$31,282 (out-of-state), $14,974 (in-state)","35,641",Piscataway,NJ,Public,Coed,1834,None,City,$985.5 million,9%
https://www.usnews.com/best-colleges/penn-state-6965,Pennsylvania State University--University Park,#59 in National Universities (tie),"$34,858 (out-of-state), $18,454 (in-state)","40,835",University Park,PA,Public,Coed,1831,None,City,$2.0 billion,12%
https://www.usnews.com/best-colleges/smu-3613,Southern Methodist University,#59 in National Universities (tie),"$54,493","6,452",Dallas,TX,Private,Coed,1831,United Methodist,Urban,$1.5 billion +,9%
https://www.usnews.com/best-colleges/university-of-washington-3798,University of Washington,#59 in National Universities (tie),"$36,898 (out-of-state), $11,517 (in-state)","31,331",Seattle,WA,Public,Coed,1909,None,Urban,$3.2 billion +,15%
https://www.usnews.com/best-colleges/wpi-2233,Worcester Polytechnic Institute,#59 in National Universities (tie),"$50,530","4,435",Worcester,MA,Private,Coed,1909,None,City,$502.5 million,11%
https://www.usnews.com/best-colleges/george-washington-university-1444,George Washington University,#63 in National Universities (tie),"$55,230","11,999",Washington,DC,Private,Coed,1789,None,Urban,$1.7 billion +,11%
https://www.usnews.com/best-colleges/uconn-29013,University of Connecticut,#63 in National Universities (tie),"$38,098 (out-of-state), $15,730 (in-state)","19,241",Storrs,CT,Public,Coed,1789,None,Rural,$401.3 million,8%
https://www.usnews.com/best-colleges/university-of-maryland-2103,University of Maryland--College Park,#63 in National Universities (tie),"$35,216 (out-of-state), $10,595 (in-state)","29,868",College Park,MD,Public,Coed,1965,None,Suburban,$548.7 million +,5%
https://www.usnews.com/best-colleges/byu-3670,Brigham Young University--Provo,#66 in National Universities (tie),"$5,620","31,233",Provo,UT,Private,Coed,1965,Latter Day Saints (Mormon Church),City,$1.7 billion +,3%
https://www.usnews.com/best-colleges/clark-university-massachusetts-2139,Clark University,#66 in National Universities (tie),"$45,730","2,240",Worcester,MA,Private,Coed,1850,None,City,$408.8 million +,14%
https://www.usnews.com/best-colleges/clemson-university-3425,Clemson University,#66 in National Universities (tie),"$36,724 (out-of-state), $14,970 (in-state)","19,402",Clemson,SC,Public,Coed,1850,None,Suburban,$682.7 million +,DNE
https://www.usnews.com/best-colleges/texas-am-university-college-station-10366,Texas A&M University--College Station,#66 in National Universities (tie),"$36,636 (out-of-state), $10,968 (in-state)","53,065",College Station,TX,Public,Coed,1948,None,City,$10.8 billion +,DNE
https://www.usnews.com/best-colleges/florida-state-university-1489,Florida State University,#70 in National Universities (tie),"$21,673 (out-of-state), $6,507 (in-state)","33,008",Tallahassee,FL,Public,Coed,1948,None,City,$639.4 million,2%
https://www.usnews.com/best-colleges/fordham-university-2722,Fordham University,#70 in National Universities (tie),"$52,248","9,599",New York,NY,Private,Coed,1885,Roman Catholic,Urban,$691.1 million,8%
https://www.usnews.com/best-colleges/stevens-institute-of-technology-2639,Stevens Institute of Technology,#70 in National Universities (tie),"$52,202","2,978",Hoboken,NJ,Private,Coed,1885,None,City,$183.9 million +,4%
https://www.usnews.com/best-colleges/university-of-california-santa-cruz-1321,University of California--Santa Cruz,#70 in National Universities (tie),"$41,963 (out-of-state), $13,949 (in-state)","17,577",Santa Cruz,CA,Public,Coed,1853,None,Suburban,$188.7 million +,6%
https://www.usnews.com/best-colleges/umass-amherst-2221,University of Massachusetts--Amherst,#70 in National Universities (tie),"$34,570 (out-of-state), $15,887 (in-state)","23,388",Amherst,MA,Public,Coed,1853,None,Suburban,$323.6 million,6%
https://www.usnews.com/best-colleges/university-of-pittsburgh-3379,University of Pittsburgh,#70 in National Universities (tie),"$32,052 (out-of-state), $19,080 (in-state)","19,326",Pittsburgh,PA,Public,Coed,1863,None,Urban,$3.9 billion +,4%
https://www.usnews.com/best-colleges/university-of-minnesota-twin-cities-3969,University of Minnesota--Twin Cities,#76 in National Universities (tie),"$30,371 (out-of-state), $14,693 (in-state)","35,433",Minneapolis,MN,Public,Coed,1863,None,Urban,$3.3 billion,9%
https://www.usnews.com/best-colleges/virginia-tech-3754,Virginia Tech,#76 in National Universities (tie),"$31,304 (out-of-state), $13,620 (in-state)","27,193",Blacksburg,VA,Public,Coed,1693,None,Rural,$987.6 million,6%
https://www.usnews.com/best-colleges/american-university-1434,American University,#78 in National Universities (tie),"$48,459","8,123",Washington,DC,Private,Coed,1693,United Methodist,Suburban,$622.0 million,8%
https://www.usnews.com/best-colleges/baylor-university-6967,Baylor University,#78 in National Universities (tie),"$45,542","14,316",Waco,TX,Private,Coed,1905, Baptist,City,$1.2 billion +,3%
https://www.usnews.com/best-colleges/suny-binghamton-2836,Binghamton University--SUNY,#80 in National Universities (tie),"$24,488 (out-of-state), $9,808 (in-state)","13,728",Binghamton,NY,Public,Coed,1905,None,Suburban,$109.3 million +,8%
https://www.usnews.com/best-colleges/colorado-school-of-mines-1348,Colorado School of Mines,#80 in National Universities (tie),"$38,584 (out-of-state), $18,964 (in-state)","4,794",Golden,CO,Public,Coed,1960,None,Suburban,$246.1 million +,6%
https://www.usnews.com/best-colleges/north-carolina-state-raleigh-2972,North Carolina State University--Raleigh,#80 in National Universities (tie),"$28,444 (out-of-state), $9,101 (in-state)","24,150",Raleigh,NC,Public,Coed,1960,None,City,$1.1 billion +,5%
https://www.usnews.com/best-colleges/stony-brook-suny-2838,Stony Brook University--SUNY,#80 in National Universities (tie),"$26,934 (out-of-state), $9,624 (in-state)","17,364",Stony Brook,NY,Public,Coed,1839,None,Suburban,$234.0 million,14%
https://www.usnews.com/best-colleges/tcu-3636,Texas Christian University,#80 in National Universities (tie),"$46,950","9,011",Fort Worth,TX,Private,Coed,1839, Christian Church (Disciples of Christ),Suburban,$1.5 billion,5%
https://www.usnews.com/best-colleges/yeshiva-university-2903,Yeshiva University,#80 in National Universities (tie),"$43,500","2,728",New York,NY,Private,Coed,1826,None,Urban,$506.2 million,5%
https://www.usnews.com/best-colleges/michigan-state-2290,Michigan State University,#85 in National Universities (tie),"$39,750 (out-of-state), $14,460 (in-state)","38,996",East Lansing,MI,Public,Coed,1826,None,Suburban,$3.1 billion,12%
https://www.usnews.com/best-colleges/university-of-california-riverside-1316,University of California--Riverside,#85 in National Universities (tie),"$42,879 (out-of-state), $13,887 (in-state)","20,069",Riverside,CA,Public,Coed,1898,None,City,$231.1 million,3%
https://www.usnews.com/best-colleges/university-of-san-diego-10395,University of San Diego,#85 in National Universities (tie),"$49,358","5,774",San Diego,CA,Private,Coed,1898,Roman Catholic,Urban,$503.6 million,8%
https://www.usnews.com/best-colleges/howard-university-1448,Howard University,#89 in National Universities (tie),"$26,756","6,354",Washington,DC,Private,Coed,1834,None,Urban,$646.6 million,7%
https://www.usnews.com/best-colleges/indiana-university-bloomington-1809,Indiana University--Bloomington,#89 in National Universities (tie),"$35,456 (out-of-state), $10,681 (in-state)","33,429",Bloomington,IN,Public,Coed,1834,None,City,$1.1 billion,10%
https://www.usnews.com/best-colleges/loyola-university-chicago-1710,Loyola University Chicago,#89 in National Universities (tie),"$44,048","11,420",Chicago,IL,Private,Coed,1937,Roman Catholic,City,$593.5 million,5%
https://www.usnews.com/best-colleges/marquette-university-3863,Marquette University,#89 in National Universities (tie),"$41,870","8,335",Milwaukee,WI,Private,Coed,1937,Roman Catholic,Urban,$626.2 million,3%
https://www.usnews.com/best-colleges/ub-9554,University at Buffalo--SUNY,#89 in National Universities (tie),"$27,758 (out-of-state), $10,028 (in-state)","21,020",Buffalo,NY,Public,Coed,1785,None,Suburban,$659.2 million,16%
https://www.usnews.com/best-colleges/university-of-delaware-1431,University of Delaware,#89 in National Universities (tie),"$34,310 (out-of-state), $13,680 (in-state)","18,946",Newark,DE,Public,Coed,1785,None,Suburban,$1.4 billion,5%
https://www.usnews.com/best-colleges/university-of-iowa-1892,University of Iowa,#89 in National Universities (tie),"$30,609 (out-of-state), $8,965 (in-state)","24,503",Iowa City,IA,Public,Coed,1867,None,City,$1.4 billion,9%
https://www.usnews.com/best-colleges/illinois-institute-of-technology-1691,Illinois Institute of Technology,#96 in National Universities (tie),"$47,646","2,900",Chicago,IL,Private,Coed,1867,None,Urban,$241.9 million,21%
https://www.usnews.com/best-colleges/miami-university-7104,Miami University--Oxford,#96 in National Universities (tie),"$33,577 (out-of-state), $14,825 (in-state)","17,147",Oxford,OH,Public,Coed,1824,None,Rural,$512.4 million,14%
https://www.usnews.com/best-colleges/university-of-colorado-boulder-1370,University of Colorado--Boulder,#96 in National Universities (tie),"$37,288 (out-of-state), $12,534 (in-state)","29,091",Boulder,CO,Public,Coed,1824,None,City,$596.4 million +,7%
https://www.usnews.com/best-colleges/university-of-denver-1371,University of Denver,#96 in National Universities (tie),"$50,556","5,765",Denver,CO,Private,Coed,1883,None,City,$711.3 million +,7%
https://www.usnews.com/best-colleges/university-of-san-francisco-1325,University of San Francisco,#96 in National Universities (tie),"$48,066","6,847",San Francisco,CA,Private,Coed,1883,Roman Catholic,Urban,$349.6 million,17%
https://www.usnews.com/best-colleges/university-of-vermont-3696,University of Vermont,#96 in National Universities (tie),"$42,516 (out-of-state), $18,276 (in-state)","11,339",Burlington,VT,Public,Coed,1848,None,Suburban,$453.3 million +,6%
https://www.usnews.com/best-colleges/clarkson-university-2699,Clarkson University,#102 in National Universities (tie),"$49,444","3,090",Potsdam,NY,Private,Coed,1848,None,Rural,$191.1 million +,3%
https://www.usnews.com/best-colleges/drexel-university-3256,Drexel University,#102 in National Universities (tie),"$52,002","13,272",Philadelphia,PA,Private,Coed,1842,None,Urban,$707.6 million +,12%
https://www.usnews.com/best-colleges/rit-2806,Rochester Institute of Technology,#102 in National Universities (tie),"$44,130","12,429",Rochester,NY,Private,Coed,1842,None,Suburban,$847.2 million +,7%
https://www.usnews.com/best-colleges/university-of-oregon-3223,University of Oregon,#102 in National Universities (tie),"$35,478 (out-of-state), $11,898 (in-state)","19,340",Eugene,OR,Public,Coed,1865,None,City,$828.5 million,12%
https://www.usnews.com/best-colleges/njit-2621,New Jersey Institute of Technology,#106 in National Universities (tie),"$31,918 (out-of-state), $16,898 (in-state)","8,483",Newark,NJ,Public,Coed,1865,None,Urban,$112.4 million +,5%
https://www.usnews.com/best-colleges/st-louis-university-2506,Saint Louis University,#106 in National Universities (tie),"$43,996","7,411",St. Louis,MO,Private,Coed,1870,Roman Catholic,Urban,$1.1 billion +,5%
https://www.usnews.com/best-colleges/suny-environmental-science-and-forestry-2851,SUNY College of Environmental Science and Forestry,#106 in National Universities (tie),"$18,218 (out-of-state), $8,568 (in-state)","1,792",Syracuse,NY,Public,Coed,1870,None,City,$35.9 million,2%
https://www.usnews.com/best-colleges/temple-university-3371,Temple University,#106 in National Universities (tie),"$28,426 (out-of-state), $16,666 (in-state)","29,550",Philadelphia,PA,Public,Coed,1925,None,Urban,$615.4 million,7%
https://www.usnews.com/best-colleges/university-of-arizona-1083,University of Arizona,#106 in National Universities (tie),"$32,449 (out-of-state), $11,644 (in-state)","35,123",Tucson,AZ,Public,Coed,1925,None,City,$843.5 million +,7%
https://www.usnews.com/best-colleges/university-of-new-hampshire-2589,University of New Hampshire,#106 in National Universities (tie),"$33,879 (out-of-state), $18,499 (in-state)","12,967",Durham,NH,Public,Coed,1870,None,Suburban,$365.4 million +,4%
https://www.usnews.com/best-colleges/university-of-south-carolina-3448,University of South Carolina,#106 in National Universities (tie),"$32,362 (out-of-state), $12,262 (in-state)","26,362",Columbia,SC,Public,Coed,1870,None,City,$610.3 million,2%
https://www.usnews.com/best-colleges/university-of-the-pacific-1329,University of the Pacific,#106 in National Universities (tie),"$48,040","3,548",Stockton,CA,Private,Coed,1869,None,City,$422.7 million +,6%
https://www.usnews.com/best-colleges/university-of-tulsa-3185,University of Tulsa,#106 in National Universities (tie),"$39,552","3,343",Tulsa,OK,Private,Coed,1869,Presbyterian Church (USA),City,$1.1 billion,19%
https://www.usnews.com/best-colleges/arizona-state-university-tempe-1081,Arizona State University--Tempe,#115 in National Universities (tie),"$28,336 (out-of-state), $10,822 (in-state)","42,427",Tempe,AZ,Public,Coed,1766,None,Urban,$512.4 million +,12%
https://www.usnews.com/best-colleges/auburn-university-1009,Auburn University,#115 in National Universities (tie),"$30,524 (out-of-state), $11,276 (in-state)","23,964",Auburn,AL,Public,Coed,1766,None,Suburban,$729.0 million,3%
https://www.usnews.com/best-colleges/rutgers-newark-2631,Rutgers University--Newark,#115 in National Universities (tie),"$30,717 (out-of-state), $14,409 (in-state)","8,551",Newark,NJ,Public,Coed,1855,None,Urban,$163.6 million +,5%
https://www.usnews.com/best-colleges/university-of-tennessee-3530,University of Tennessee,#115 in National Universities (tie),"$31,196 (out-of-state), $13,006 (in-state)","22,317",Knoxville,TN,Public,Coed,1855,None,Urban,$714.0 million +,DNE
https://www.usnews.com/best-colleges/depaul-university-1671,DePaul University,#119 in National Universities (tie),"$39,975","14,816",Chicago,IL,Private,Coed,1911,Roman Catholic,Urban,$492.4 million,3%
https://www.usnews.com/best-colleges/duquesne-university-3258,Duquesne University,#119 in National Universities (tie),"$38,178","5,942",Pittsburgh,PA,Private,Coed,1911,Roman Catholic,Urban,$307.9 million,4%
https://www.usnews.com/best-colleges/iowa-state-university-1869,Iowa State University,#119 in National Universities (tie),"$23,392 (out-of-state), $9,002 (in-state)","30,406",Ames,IA,Public,Coed,1861,None,City,$910.4 million,7%
https://www.usnews.com/best-colleges/seton-hall-university-new-jersey-2632,Seton Hall University,#119 in National Universities (tie),"$42,170","5,969",South Orange,NJ,Private,Coed,1861,Roman Catholic,Suburban,$251.1 million,4%
https://www.usnews.com/best-colleges/university-of-utah-3675,University of Utah,#119 in National Universities (tie),"$29,215 (out-of-state), $9,222 (in-state)","24,635",Salt Lake City,UT,Publi,ublic,1865,None,N/A,$1.0 billion +,5%
https://www.usnews.com/best-colleges/university-of-oklahoma-3184,University of Oklahoma,#124 in National Universities (tie),"$24,443 (out-of-state), $9,062 (in-state)","22,819",Norman,OK,Public,Coed,1865,None,City,$1.1 billion +,4%
https://www.usnews.com/best-colleges/university-of-south-florida-1537,University of South Florida,#124 in National Universities (tie),"$17,324 (out-of-state), $6,410 (in-state)","31,772",Tampa,FL,Public,Coed,1821,None,Urban,$410.3 million +,6%
https://www.usnews.com/best-colleges/university-of-st-thomas-minnesota-2345,University of St. Thomas,#124 in National Universities (tie),"$41,133","6,199",St. Paul,MN,Private,Coed,1821,Roman Catholic,Urban,$413.0 million,3%
https://www.usnews.com/best-colleges/san-diego-state-university-1151,San Diego State University,#127 in National Universities (tie),"$19,368 (out-of-state), $7,488 (in-state)","30,165",San Diego,CA,Public,Coed,1881,None,Urban,N/A,7%
https://www.usnews.com/best-colleges/university-of-dayton-3127,University of Dayton,#127 in National Universities (tie),"$42,900","8,499",Dayton,OH,Private,Coed,1881,None,Suburban,$524.2 million,7%
https://www.usnews.com/best-colleges/the-catholic-university-of-america-1437,The Catholic University of America,#129 in National Universities (tie),"$45,804","3,315",Washington,DC,Private,Coed,1856,Roman Catholic,Urban,$336.9 million,6%
https://www.usnews.com/best-colleges/university-of-alabama-1051,University of Alabama,#129 in National Universities (tie),"$29,230 (out-of-state), $10,780 (in-state)","33,305",Tuscaloosa,AL,Public,Coed,1856,None,Suburban,$785.4 million,2%
https://www.usnews.com/best-colleges/university-of-illinois-chicago-1776,University of Illinois--Chicago,#129 in National Universities (tie),"$27,672 (out-of-state), $14,816 (in-state)","19,448",Chicago,IL,Public,Coed,1875,None,Urban,$369.3 million +,4%
https://www.usnews.com/best-colleges/university-of-kansas-1948,University of Kansas,#129 in National Universities (tie),"$27,358 (out-of-state), $11,148 (in-state)","19,338",Lawrence,KS,Public,Coed,1875,None,City,$1.6 billion +,6%
https://www.usnews.com/best-colleges/university-of-missouri-2516,University of Missouri,#129 in National Universities (tie),"$26,949 (out-of-state), $9,879 (in-state)","23,817",Columbia,MO,Public,Coed,1887,None,City,$922.1 million,3%
https://www.usnews.com/best-colleges/university-of-nebraska-2565,University of Nebraska--Lincoln,#129 in National Universities (tie),"$25,038 (out-of-state), $9,242 (in-state)","20,954",Lincoln,NE,Public,Coed,1887,None,City,$958.0 million +,9%
https://www.usnews.com/best-colleges/university-of-texas-dallas-9741,University of Texas--Dallas,#129 in National Universities (tie),"$36,876 (out-of-state), $13,034 (in-state)","18,388",Richardson,TX,Public,Coed,1889,None,Suburban,$482.9 million +,4%
https://www.usnews.com/best-colleges/gmu-3749,George Mason University,#136 in National Universities (tie),"$35,922 (out-of-state), $12,462 (in-state)","24,987",Fairfax,VA,Public,Coed,1889,None,Suburban,$77.7 million,5%
https://www.usnews.com/best-colleges/michigan-tech-2292,Michigan Technological University,#136 in National Universities (tie),"$33,726 (out-of-state), $15,646 (in-state)","5,917",Houghton,MI,Public,Coed,1876,None,Rural,$106.4 million +,3%
https://www.usnews.com/best-colleges/university-of-california-merced-4127,University of California--Merced,#136 in National Universities (tie),"$41,641 (out-of-state), $13,627 (in-state)","7,375",Merced,CA,Public,Coed,1876,None,Rural,$47.5 million,7%
https://www.usnews.com/best-colleges/university-of-la-verne-1216,University of La Verne,#136 in National Universities (tie),"$43,050","2,753",La Verne,CA,Private,Coed,1851,None,Suburban,$98.1 million +,6%
https://www.usnews.com/best-colleges/colorado-state-university-1350,Colorado State University,#140 in National Universities (tie),"$29,884 (out-of-state), $11,982 (in-state)","25,903",Fort Collins,CO,Public,Coed,1851,None,City,$344.3 million +,4%
https://www.usnews.com/best-colleges/hofstra-university-2732,Hofstra University,#140 in National Universities (tie),"$45,700","6,861",Hempstead,NY,Private,Coed,1841,None,Suburban,$553.0 million +,6%
https://www.usnews.com/best-colleges/louisiana-state-university-baton-rouge-2010,Louisiana State University--Baton Rouge,#140 in National Universities (tie),"$28,627 (out-of-state), $11,950 (in-state)","25,444",Baton Rouge,LA,Public,Coed,1841,None,Urban,$529.1 million,2%
https://www.usnews.com/best-colleges/mercer-university-1580,Mercer University,#140 in National Universities (tie),"$36,894","4,747",Macon,GA,Private,Coed,1870,None,City,$319.1 million +,2%
https://www.usnews.com/best-colleges/oregon-state-3210,Oregon State University,#140 in National Universities (tie),"$30,141 (out-of-state), $11,166 (in-state)","25,838",Corvallis,OR,Public,Coed,1870,None,City,$624.5 million,7%
https://www.usnews.com/best-colleges/suny-albany-2835,University at Albany--SUNY,#140 in National Universities (tie),"$24,436 (out-of-state), $9,756 (in-state)","13,508",Albany,NY,Public,Coed,1965,None,Suburban,$65.3 million +,5%
https://www.usnews.com/best-colleges/washington-state-3800,Washington State University,#140 in National Universities (tie),"$25,820 (out-of-state), $11,584 (in-state)","25,277",Pullman,WA,Public,Coed,1965,None,Rural,$975.2 million,4%
https://www.usnews.com/best-colleges/adelphi-university-2666,Adelphi University,#147 in National Universities (tie),"$38,660","5,266",Garden City,NY,Private,Coed,1863,None,Suburban,$179.8 million,3%
https://www.usnews.com/best-colleges/kansas-state-university-1928,Kansas State University,#147 in National Universities (tie),"$25,492 (out-of-state), $10,135 (in-state)","18,488",Manhattan,KS,Public,Coed,1863,None,City,$506.4 million +,5%
https://www.usnews.com/best-colleges/the-new-school-20662,The New School,#147 in National Universities (tie),"$48,631","7,203",New York,NY,Privat,rivate,1787,None,N/A,$368.0 million +,32%
https://www.usnews.com/best-colleges/university-of-cincinnati-3125,University of Cincinnati,#147 in National Universities (tie),"$26,334 (out-of-state), $11,000 (in-state)","26,608",Cincinnati,OH,Public,Coed,1787,None,Urban,$1.3 billion,4%
https://www.usnews.com/best-colleges/university-of-kentucky-1989,University of Kentucky,#147 in National Universities (tie),"$29,168 (out-of-state), $12,180 (in-state)","22,425",Lexington,KY,Public,Coed,1851,None,City,$1.3 billion,2%
https://www.usnews.com/best-colleges/st-john-fisher-college-2821,St. John Fisher College,#152 in National Universities (tie),"$34,310","2,759",Rochester,NY,Private,Coed,1851,Roman Catholic,Suburban,$83.8 million +,DNE
https://www.usnews.com/best-colleges/st-johns-university-new-york-2823,St. John's University,#152 in National Universities (tie),"$41,760","16,766",Queens,NY,Private,Coed,1872,Roman Catholic,Urban,$716.5 million,5%
https://www.usnews.com/best-colleges/union-university-3528,Union University,#152 in National Universities (tie),"$32,610","2,153",Jackson,TN,Private,Coed,1872,Southern Baptist,City,$40.5 million +,DNE
https://www.usnews.com/best-colleges/university-of-arkansas-1108,University of Arkansas,#152 in National Universities (tie),"$25,168 (out-of-state), $9,130 (in-state)","23,044",Fayetteville,AR,Public,Coed,1893,None,City,$996.0 million +,3%
https://www.usnews.com/best-colleges/university-of-mississippi-2440,University of Mississippi,#152 in National Universities (tie),"$23,554 (out-of-state), $8,290 (in-state)","18,737",University,MS,Public,Coed,1893,None,Rural,$670.6 million +,2%
https://www.usnews.com/best-colleges/biola-university-1122,Biola University,#157 in National Universities (tie),"$40,488","4,048",La Mirada,CA,Private,Coed,1845,Multiple Protestant Denomination,Suburban,$146.4 million +,3%
https://www.usnews.com/best-colleges/missouri-university-science-2517,Missouri University of Science & Technology,#157 in National Universities (tie),"$27,701 (out-of-state), $9,839 (in-state)","6,920",Rolla,MO,Public,Coed,1845,None,Rural,$179.4 million,3%
https://www.usnews.com/best-colleges/oklahoma-state-3170,Oklahoma State University,#157 in National Universities (tie),"$24,538 (out-of-state), $9,017 (in-state)","20,978",Stillwater,OK,Public,Coed,1946,None,City,$386.6 million,4%
https://www.usnews.com/best-colleges/university-of-alabama-birmingham-1052,University of Alabama--Birmingham,#157 in National Universities (tie),"$24,630 (out-of-state), $10,710 (in-state)","13,134",Birmingham,AL,Public,Coed,1946,None,Urban,$495.3 million +,2%
https://www.usnews.com/best-colleges/university-of-hawaii-manoa-1610,University of Hawaii--Manoa,#157 in National Universities (tie),"$34,002 (out-of-state), $11,970 (in-state)","12,881",Honolulu,HI,Public,Coed,1874,None,Urban,$40.2 million +,3%
https://www.usnews.com/best-colleges/umass-lowell-2161,University of Massachusetts--Lowell,#157 in National Universities (tie),"$32,827 (out-of-state), $15,180 (in-state)","14,013",Lowell,MA,Public,Coed,1874,None,City,$84.8 million +,4%
https://www.usnews.com/best-colleges/university-of-rhode-island-3414,University of Rhode Island,#157 in National Universities (tie),"$30,862 (out-of-state), $14,138 (in-state)","15,092",Kingston,RI,Public,Coed,1887,None,Rural,$150.2 million,DNE
https://www.usnews.com/best-colleges/vcu-3735,Virginia Commonwealth University,#157 in National Universities (tie),"$35,138 (out-of-state), $14,490 (in-state)","24,010",Richmond,VA,Public,Coed,1887,None,Urban,$1.8 billion +,3%
https://www.usnews.com/best-colleges/edgewood-college-3848,Edgewood College,#165 in National Universities (tie),"$29,500","1,564",Madison,WI,Private,Coed,1957,Roman Catholic,City,$51.7 million +,3%
https://www.usnews.com/best-colleges/ucf-3954,University of Central Florida,#165 in National Universities (tie),"$22,467 (out-of-state), $6,368 (in-state)","56,972",Orlando,FL,Public,Coed,1957,None,Suburban,$155.2 million +,2%
https://www.usnews.com/best-colleges/university-of-idaho-1626,University of Idaho,#165 in National Universities (tie),"$25,500 (out-of-state), $7,864 (in-state)","9,885",Moscow,ID,Public,Coed,1873,None,Rural,$265.1 million,5%
https://www.usnews.com/best-colleges/umbc-2105,University of Maryland--Baltimore County,#165 in National Universities (tie),"$26,892 (out-of-state), $11,798 (in-state)","11,234",Baltimore,MD,Public,Coed,1873,None,Suburban,$92.0 million +,4%
https://www.usnews.com/best-colleges/montclair-state-university-2617,Montclair State University,#169 in National Universities (tie),"$20,578 (out-of-state), $12,970 (in-state)","16,852",Montclair,NJ,Public,Coed,1886,None,Suburban,$42.9 million,DNE
https://www.usnews.com/best-colleges/seattle-pacific-university-3788,Seattle Pacific University,#169 in National Universities (tie),"$42,939","2,911",Seattle,WA,Private,Coed,1886,None,Urban,$99.7 million +,5%
https://www.usnews.com/best-colleges/ball-state-university-1786,Ball State University,#171 in National Universities (tie),"$26,468 (out-of-state), $9,896 (in-state)","17,004",Muncie,IN,Public,Coed,1855,None,Suburban,$201.8 million +,DNE
https://www.usnews.com/best-colleges/illinois-state-university-1692,Illinois State University,#171 in National Universities (tie),"$26,014 (out-of-state), $14,490 (in-state)","18,330",Normal,IL,Public,Coed,1855,None,Urban,$113.0 million +,DNE
https://www.usnews.com/best-colleges/ohio-university-3100,Ohio University,#171 in National Universities (tie),"$21,656 (out-of-state), $12,192 (in-state)","23,323",Athens,OH,Public,Coed,1954,None,N/A,$536.2 million,2%
https://www.usnews.com/best-colleges/rowan-university-2609,Rowan University,#171 in National Universities (tie),"$21,890 (out-of-state), $13,422 (in-state)","15,401",Glassboro,NJ,Public,Coed,1954,None,Suburban,$191.8 million +,DNE
https://www.usnews.com/best-colleges/university-of-houston-3652,University of Houston,#171 in National Universities (tie),"$26,340 (out-of-state), $10,890 (in-state)","37,215",Houston,TX,Public,Coed,1949,None,Urban,$753.1 million +,4%
https://www.usnews.com/best-colleges/university-of-louisville-1999,University of Louisville,#171 in National Universities (tie),"$26,286 (out-of-state), $11,264 (in-state)","15,547",Louisville,KY,Public,Coed,1949,None,Urban,$719.0 million +,DNE
https://www.usnews.com/best-colleges/florida-institute-of-technology-1469,Florida Institute of Technology,#177 in National Universities (tie),"$41,850","3,635",Melbourne,FL,Private,Coed,1867,None,City,$70.8 million,32%
https://www.usnews.com/best-colleges/maryville-saint-louis-2482,Maryville University of St. Louis,#177 in National Universities (tie),"$28,470","3,183",St Louis,MO,Private,Coed,1867,None,Suburban,$50.3 million,4%
https://www.usnews.com/best-colleges/mississippi-state-2423,Mississippi State University,#177 in National Universities (tie),"$23,250 (out-of-state), $8,650 (in-state)","18,312",Mississippi State,MS,Public,Coed,1820,None,Rural,$472.0 million +,DNE
https://www.usnews.com/best-colleges/pace-university-2791,Pace University,#177 in National Universities (tie),"$45,330","9,000",New York,NY,Private,Coed,1820,None,Urban,$169.9 million,10%
https://www.usnews.com/best-colleges/suffolk-university-2218,Suffolk University,#177 in National Universities (tie),"$38,566","5,117",Boston,MA,Private,Coed,1870,None,Urban,$231.7 million +,22%
https://www.usnews.com/best-colleges/university-of-maine-2053,University of Maine,#177 in National Universities (tie),"$30,970 (out-of-state), $11,170 (in-state)","9,279",Orono,ME,Public,Coed,1870,None,Rural,$299.9 million,2%
https://www.usnews.com/best-colleges/immaculata-university-3276,Immaculata University,#183 in National Universities (tie),"$27,350","1,482",Immaculata,PA,Private,Coed,1881,Roman Catholic,Suburban,N/A,DNE
https://www.usnews.com/best-colleges/lesley-university-2160,Lesley University,#183 in National Universities (tie),"$27,850","2,096",Cambridge,MA,Private,Coed,1881,None,N/A,$185.7 million,3%
https://www.usnews.com/best-colleges/robert-morris-university-pennsylvania-3359,Robert Morris University,#183 in National Universities (tie),"$30,300","4,243",Moon Township,PA,Private,Coed,1846,None,Suburban,$33.6 million +,12%
https://www.usnews.com/best-colleges/university-of-wyoming-3932,University of Wyoming,#183 in National Universities (tie),"$17,490 (out-of-state), $5,400 (in-state)","9,791",Laramie,WY,Public,Coed,1846,None,Suburban,$464.3 million,4%
https://www.usnews.com/best-colleges/fiu-9635,Florida International University,#187 in National Universities (tie),"$18,956 (out-of-state), $6,558 (in-state)","47,586",Miami,FL,Public,Coed,1743,None,Urban,$240.6 million,6%
https://www.usnews.com/best-colleges/georgia-state-university-1574,Georgia State University,#187 in National Universities (tie),"$29,432 (out-of-state), $10,858 (in-state)","25,790",Atlanta,GA,Public,Coed,1743,None,Urban,$165.9 million +,2%
https://www.usnews.com/best-colleges/texas-tech-university-3644,Texas Tech University,#187 in National Universities (tie),"$23,495 (out-of-state), $11,045 (in-state)","30,737",Lubbock,TX,Public,Coed,1847,None,City,$729.2 million +,5%
https://www.usnews.com/best-colleges/university-of-new-mexico-10313,University of New Mexico,#187 in National Universities (tie),"$22,966 (out-of-state), $7,322 (in-state)","19,516",Albuquerque,NM,Public,Coed,1847,None,Urban,N/A,2%
https://www.usnews.com/best-colleges/kent-state-university-3051,Kent State University,#191 in National Universities (tie),"$19,456 (out-of-state), $10,756 (in-state)","23,178",Kent,OH,Public,Coed,1890,None,Suburban,$136.8 million,5%
https://www.usnews.com/best-colleges/nova-southeastern-university-1509,Nova Southeastern University,#191 in National Universities (tie),"$30,900","4,497",Ft. Lauderdale,FL,Private,Coed,1890,None,Suburban,$117.8 million +,6%
https://www.usnews.com/best-colleges/umass-boston-2222,University of Massachusetts--Boston,#191 in National Universities (tie),"$33,966 (out-of-state), $14,167 (in-state)","12,660",Boston,MA,Public,Coed,1809,None,N/A,$80.7 million,12%
https://www.usnews.com/best-colleges/andrews-university-2238,Andrews University,#194 in National Universities (tie),"$29,288","1,704",Berrien Springs,MI,Private,Coed,1809,Seventh Day Adventist,Rural,$53.1 million,18%
https://www.usnews.com/best-colleges/east-carolina-university-2923,East Carolina University,#194 in National Universities (tie),"$23,465 (out-of-state), $7,188 (in-state)","23,265",Greenville,NC,Public,Coed,1876,None,City,$185.8 million +,DNE
https://www.usnews.com/best-colleges/indiana-universitypurdue-university-indianapolis-1813,Indiana University-Purdue University--Indianapolis,#194 in National Universities (tie),"$29,821 (out-of-state), $9,465 (in-state)","21,610",Indianapolis,IN,Public,Coed,1876,None,Urban,$1.1 billion,4%
https://www.usnews.com/best-colleges/lipscomb-3486,Lipscomb University,#194 in National Universities (tie),"$32,144","2,987",Nashville,TN,Private,Coed,1864,Churches of Christ,Suburban,$79.0 million +,3%
https://www.usnews.com/best-colleges/university-of-hartford-1422,University of Hartford,#194 in National Universities (tie),"$40,694","5,069",West Hartford,CT,Private,Coed,1864,None,Suburban,$164.5 million,6%
https://www.usnews.com/best-colleges/unc-charlotte-2975,University of North Carolina--Charlotte,#194 in National Universities (tie),"$20,813 (out-of-state), $6,854 (in-state)","23,914",Charlotte,NC,Public,Coed,1855,None,Suburban,$186.7 million +,3%
https://www.usnews.com/best-colleges/widener-university-3313,Widener University,#194 in National Universities (tie),"$45,948","3,427",Chester,PA,Private,Coed,1855,None,Suburban,$80.9 million,2%
https://www.usnews.com/best-colleges/regent-university-30913,Regent University,#201 in National Universities (tie),"$18,108","4,660",Virginia Beach,VA,Private,Coed,1791,Undenominational,Suburban,$95.3 million,DNE
https://www.usnews.com/best-colleges/university-of-montana-2536,University of Montana,#201 in National Universities (tie),"$24,959 (out-of-state), $7,244 (in-state)","9,323",Missoula,MT,Public,Coed,1791,None,Urban,$179.5 million,DNE
https://www.usnews.com/best-colleges/university-of-nevada-2568,University of Nevada--Reno,#201 in National Universities (tie),"$22,397 (out-of-state), $7,925 (in-state)","18,348",Reno,NV,Public,Coed,1896,None,Urban,$305.1 million,DNE
https://www.usnews.com/best-colleges/unc-greensboro-2976,University of North Carolina--Greensboro,#201 in National Universities (tie),"$22,494 (out-of-state), $7,248 (in-state)","16,439",Greensboro,NC,Public,Coed,1896,None,Urban,$275.0 million,2%
https://www.usnews.com/best-colleges/azusa-pacific-university-1117,Azusa Pacific University,#205 in National Universities (tie),"$37,506","5,671",Azusa,CA,Private,Coed,1891,Evangelical Christian,Suburban,$81.4 million +,3%
https://www.usnews.com/best-colleges/california-state-university-fresno-1147,California State University--Fresno,#205 in National Universities (tie),"$12,723 (out-of-state), $6,585 (in-state)","22,221",Fresno,CA,Public,Coed,1891,None,Urban,$144.3 million +,6%
https://www.usnews.com/best-colleges/central-michigan-university-2243,Central Michigan University,#205 in National Universities (tie),"$12,510 (out-of-state), $12,510 (in-state)","17,845",Mount Pleasant,MI,Public,Coed,1829,None,Rural,$156.4 million +,2%
https://www.usnews.com/best-colleges/montana-state-2532,Montana State University,#205 in National Universities (tie),"$24,849 (out-of-state), $7,421 (in-state)","14,725",Bozeman,MT,Public,Coed,1829,None,City,$151.7 million +,3%
https://www.usnews.com/best-colleges/university-of-colorado-denver-6740,University of Colorado--Denver,#205 in National Universities (tie),"$32,005 (out-of-state), $11,395 (in-state)","15,586",Denver,CO,Public,Coed,1876,None,Urban,N/A,8%
https://www.usnews.com/best-colleges/university-of-north-dakota-3005,University of North Dakota,#205 in National Universities (tie),"$20,891 (out-of-state), $8,827 (in-state)","11,000",Grand Forks,ND,Public,Coed,1876,None,City,$267.4 million,5%
https://www.usnews.com/best-colleges/utah-state-3677,Utah State University,#205 in National Universities (tie),"$21,505 (out-of-state), $7,424 (in-state)","24,618",Logan,UT,Public,Coed,1881,None,City,$360.2 million,DNE
https://www.usnews.com/best-colleges/wayne-state-2329,Wayne State University,#205 in National Universities (tie),"$29,663 (out-of-state), $13,776 (in-state)","17,322",Detroit,MI,Public,Coed,1881,None,Urban,$366.7 million +,2%
https://www.usnews.com/best-colleges/western-michigan-university-2330,Western Michigan University,#205 in National Universities (tie),"$15,373 (out-of-state), $12,483 (in-state)","17,936",Kalamazoo,MI,Public,Coed,1818,None,City,$386.6 million +,4%
https://www.usnews.com/best-colleges/wvu-3827,West Virginia University,#205 in National Universities (tie),"$24,950 (out-of-state), $8,856 (in-state)","22,504",Morgantown,WV,Public,Coed,1818,None,Suburban,$574.1 million +,7%
https://www.usnews.com/best-colleges/bowling-green-state-university-3018,Bowling Green State University,#215 in National Universities (tie),"$19,093 (out-of-state), $11,105 (in-state)","14,680",Bowling Green,OH,Public,Coed,1911,None,Rural,$156.0 million +,2%
https://www.usnews.com/best-colleges/north-dakota-state-9265,North Dakota State University,#215 in National Universities (tie),"$15,144 (out-of-state), $10,176 (in-state)","11,984",Fargo,ND,Public,Coed,1911,None,City,"$512,215",2%
https://www.usnews.com/best-colleges/old-dominion-3728,Old Dominion University,#215 in National Universities (tie),"$29,680 (out-of-state), $11,140 (in-state)","19,540",Norfolk,VA,Public,Coed,1884,None,Urban,$204.7 million +,2%
https://www.usnews.com/best-colleges/shenandoah-university-3737,Shenandoah University,#215 in National Universities (tie),"$32,530","2,063",Winchester,VA,Private,Coed,1884,United Methodist,City,$63.4 million +,3%
https://www.usnews.com/best-colleges/university-of-alaska-fairbanks-1063,University of Alaska--Fairbanks,#215 in National Universities (tie),"$24,970 (out-of-state), $8,800 (in-state)","6,718",Fairbanks,AK,Public,Coed,1885,None,Urban,$98.9 million,DNE
https://www.usnews.com/best-colleges/umass-dartmouth-2210,University of Massachusetts--Dartmouth,#215 in National Universities (tie),"$29,141 (out-of-state), $13,921 (in-state)","6,763",North Dartmouth,MA,Public,Coed,1885,None,Suburban,$46.1 million,2%
https://www.usnews.com/best-colleges/benedictine-university-1767,Benedictine University,#221 in National Universities (tie),"$34,290","2,885",Lisle,IL,Private,Coed,1866,Roman Catholic,Suburban,N/A,DNE
https://www.usnews.com/best-colleges/california-state-university-fullerton-1137,California State University--Fullerton,#221 in National Universities (tie),"$16,374 (out-of-state), $6,870 (in-state)","34,920",Fullerton,CA,Public,Coed,1866,None,City,$62.5 million +,6%
https://www.usnews.com/best-colleges/dallas-baptist-university-3560,Dallas Baptist University,#221 in National Universities (tie),"$28,870","3,161",Dallas,TX,Private,Coed,1801, Baptist,Suburban,$47.2 million +,7%
https://www.usnews.com/best-colleges/new-mexico-state-university-2657,New Mexico State University,#221 in National Universities (tie),"$23,508 (out-of-state), $7,368 (in-state)","11,713",Las Cruces,NM,Public,Coed,1801,None,City,$39.1 million,4%
https://www.usnews.com/best-colleges/university-of-texas-arlington-3656,University of Texas--Arlington,#221 in National Universities (tie),"$26,533 (out-of-state), $10,496 (in-state)","33,307",Arlington,TX,Public,Coed,1851,None,Urban,$145.1 million +,4%
https://www.usnews.com/best-colleges/south-dakota-state-3471,South Dakota State University,#226 in National Universities (tie),"$12,128 (out-of-state), $8,764 (in-state)","10,896",Brookings,SD,Public,Coed,1851,None,Rural,$121.9 million,4%
https://www.usnews.com/best-colleges/southern-illinois-university-carbondale-1758,Southern Illinois University--Carbondale,#226 in National Universities (tie),"$14,704 (out-of-state), $14,704 (in-state)","10,987",Carbondale,IL,Public,Coed,1894,None,Rural,$133.4 million +,4%
https://www.usnews.com/best-colleges/umsl-2519,University of Missouri--St. Louis,#226 in National Universities (tie),"$27,327 (out-of-state), $10,275 (in-state)","13,812",St. Louis,MO,Public,Coed,1894,None,Urban,$81.3 million +,3%
https://www.usnews.com/best-colleges/university-of-south-dakota-10300,University of South Dakota,#226 in National Universities (tie),"$12,425 (out-of-state), $9,061 (in-state)","7,648",Vermillion,SD,Public,Coed,1885,None,Rural,$214.5 million,DNE
https://www.usnews.com/best-colleges/american-international-college-2114,American International College,#230-#301 in National Universities,"$35,680","1,372",Springfield,MA,Private,Coed,1885,None,Urban,N/A,3%
https://www.usnews.com/best-colleges/ashland-university-3012,Ashland University,#230-#301 in National Universities,"$21,342","3,359",Ashland,OH,Private,Coed,1856,None,Rural,$41.3 million,2%
https://www.usnews.com/best-colleges/augusta-university-1579,Augusta University,#230-#301 in National Universities,"$23,606 (out-of-state), $8,634 (in-state)","5,291",Augusta,GA,Public,Coed,1856,None,Urban,$246.6 million +,DNE
https://www.usnews.com/best-colleges/barry-university-1466,Barry University,#230-#301 in National Universities,"$29,850","3,505",Miami Shores,FL,Private,Coed,1908,Roman Catholic,Urban,$40.1 million,8%
https://www.usnews.com/best-colleges/boise-state-university-1616,Boise State University,#230-#301 in National Universities,"$23,776 (out-of-state), $7,693 (in-state)","20,767",Boise,ID,Public,Coed,1908,None,City,$101.9 million,2%
https://www.usnews.com/best-colleges/cardinal-stritch-university-3837,Cardinal Stritch University,#230-#301 in National Universities,"$29,998","1,543",Milwaukee,WI,Private,Coed,1794,Roman Catholic,Suburban,$15.5 million +,13%
https://www.usnews.com/best-colleges/clark-atlanta-university-1551,Clark Atlanta University,#230-#301 in National Universities,"$23,438","3,302",Atlanta,GA,Privat,rivate,1794,None,N/A,$68.5 million +,6%
https://www.usnews.com/best-colleges/cleveland-state-university-3032,Cleveland State University,#230-#301 in National Universities,"$14,164 (out-of-state), $10,112 (in-state)","12,306",Cleveland,OH,Public,Coed,1898,None,Urban,N/A,5%
https://www.usnews.com/best-colleges/eastern-michigan-university-2259,Eastern Michigan University,#230-#301 in National Universities,"$12,430 (out-of-state), $12,430 (in-state)","16,997",Ypsilanti,MI,Public,Coed,1898,None,City,$72.6 million,2%
https://www.usnews.com/best-colleges/east-tennessee-state-university-3487,East Tennessee State University,#230-#301 in National Universities,"$26,463 (out-of-state), $8,679 (in-state)","11,323",Johnson City,TN,Public,Coed,1878,None,City,$114.3 million +,3%
https://www.usnews.com/best-colleges/florida-am-university-1480,Florida A&M University,#230-#301 in National Universities,"$17,725 (out-of-state), $5,785 (in-state)","8,024",Tallahassee,FL,Public,Coed,1878,None,City,$86.6 million,DNE
https://www.usnews.com/best-colleges/florida-atlantic-university-1481,Florida Atlantic University,#230-#301 in National Universities,"$21,595 (out-of-state), $6,039 (in-state)","25,025",Boca Raton,FL,Public,Coed,1858,None,City,$282.2 million +,3%
https://www.usnews.com/best-colleges/gardner-webb-2929,Gardner-Webb University,#230-#301 in National Universities,"$31,460","2,207",Boiling Springs,NC,Private,Coed,1858,None,Rural,$64.4 million,DNE
https://www.usnews.com/best-colleges/georgia-southern-university-1572,Georgia Southern University,#230-#301 in National Universities,"$19,022 (out-of-state), $6,890 (in-state)","17,759",Statesboro,GA,Public,Coed,1856,None,Rural,$47.5 million +,2%
https://www.usnews.com/best-colleges/grand-canyon-university-1074,Grand Canyon University,#230-#301 in National Universities,"$17,050",N/A,Phoenix,AZ,Proprietary,Coed,1856,None,N/A,N/A,DNE
https://www.usnews.com/best-colleges/indiana-state-9563,Indiana State University,#230-#301 in National Universities,"$19,836 (out-of-state), $9,090 (in-state)","11,591",Terre Haute,IN,Public,Coed,N/A,None,City,$47.4 million,4%
https://www.usnews.com/best-colleges/iup-3277,Indiana University of Pennsylvania,#230-#301 in National Universities,"$17,299 (out-of-state), $12,979 (in-state)","10,143",Indiana,PA,Public,Coed,1890,None,Rural,$44.8 million +,3%
https://www.usnews.com/best-colleges/jackson-state-2410,Jackson State University,#230-#301 in National Universities,"$7,621 (out-of-state), $7,621 (in-state)","6,500",Jackson,MS,Public,Coed,1890,None,Urban,$42.6 million +,2%
https://www.usnews.com/best-colleges/kennesaw-state-university-1577,Kennesaw State University,#230-#301 in National Universities,"$21,158 (out-of-state), $7,432 (in-state)","32,945",Kennesaw,GA,Public,Coed,1956,None,Suburban,$37.8 million +,2%
https://www.usnews.com/best-colleges/lamar-university-3581,Lamar University,#230-#301 in National Universities,"$22,642 (out-of-state), $10,192 (in-state)","9,234",Beaumont,TX,Public,Coed,1956,None,Urban,$112.9 million,DNE
https://www.usnews.com/best-colleges/liberty-university-10392,Liberty University,#230-#301 in National Universities,"$25,276","45,754",Lynchburg,VA,Privat,rivate,1885,Evangelical Christian,City,$1.3 billion,DNE
https://www.usnews.com/best-colleges/lindenwood-2480,Lindenwood University,#230-#301 in National Universities,"$17,600","6,948",St. Charles,MO,Private,Coed,1885,None,Suburban,$160.3 million +,12%
https://www.usnews.com/best-colleges/louisiana-tech-university-2008,Louisiana Tech University,#230-#301 in National Universities,"$18,558 (out-of-state), $9,645 (in-state)","10,809",Ruston,LA,Public,Coed,1897,None,Rural,$66.9 million +,2%
https://www.usnews.com/best-colleges/middle-tennessee-state-university-3510,Middle Tennessee State University,#230-#301 in National Universities,"$28,364 (out-of-state), $9,216 (in-state)","19,523",Murfreesboro,TN,Public,Coed,1897,None,City,N/A,4%
https://www.usnews.com/best-colleges/morgan-state-2083,Morgan State University,#230-#301 in National Universities,"$18,167 (out-of-state), $7,900 (in-state)","6,440",Baltimore,MD,Public,Coed,1850,None,Urban,$32.9 million,12%
https://www.usnews.com/best-colleges/national-louis-university-1733,National Louis University,#230-#301 in National Universities,"$10,440","1,883",Chicago,IL,Private,Coed,1850,None,Urban,N/A,DNE
https://www.usnews.com/best-colleges/north-carolina-at-2905,North Carolina A&T State University,#230-#301 in National Universities,"$19,822 (out-of-state), $6,612 (in-state)","10,341",Greensboro,NC,Public,Coed,1887,None,Urban,$55.1 million,DNE
https://www.usnews.com/best-colleges/northern-arizona-university-1082,Northern Arizona University,#230-#301 in National Universities,"$25,828 (out-of-state), $11,564 (in-state)","27,086",Flagstaff,AZ,Public,Coed,1887,None,City,$170.9 million,4%
https://www.usnews.com/best-colleges/northern-illinois-university-1737,Northern Illinois University,#230-#301 in National Universities,"$14,750 (out-of-state), $14,750 (in-state)","13,454",DeKalb,IL,Public,Coed,1831,None,Suburban,$77.8 million +,2%
https://www.usnews.com/best-colleges/oakland-university-2307,Oakland University,#230-#301 in National Universities,"$23,873 (out-of-state), $12,893 (in-state)","15,901",Rochester,MI,Public,Coed,1831,None,Suburban,$91.6 million +,2%
https://www.usnews.com/best-colleges/portland-state-3216,Portland State University,#230-#301 in National Universities,"$27,060 (out-of-state), $9,105 (in-state)","21,725",Portland,OR,Public,Coed,1965,None,Urban,$2.4 million,6%
https://www.usnews.com/best-colleges/prairie-view-am-3630,Prairie View A&M University,#230-#301 in National Universities,"$24,843 (out-of-state), $10,533 (in-state)","7,986",Prairie View,TX,Public,Coed,1965,None,Rural,$76.6 million +,DNE
https://www.usnews.com/best-colleges/sam-houston-state-3606,Sam Houston State University,#230-#301 in National Universities,"$22,633 (out-of-state), $10,183 (in-state)","18,416",Huntsville,TX,Public,Coed,1865,None,Rural,$108.0 million +,DNE
https://www.usnews.com/best-colleges/san-francisco-state-university-1154,San Francisco State University,#230-#301 in National Universities,"$19,140 (out-of-state), $7,260 (in-state)","26,617",San Francisco,CA,Public,Coed,1865,None,Urban,$47.8 million +,6%
https://www.usnews.com/best-colleges/spalding-university-1960,Spalding University,#230-#301 in National Universities,"$24,000",N/A,Louisville,KY,Private,Coed,1839,None,N/A,N/A,DNE
https://www.usnews.com/best-colleges/tennessee-state-3522,Tennessee State University,#230-#301 in National Universities,"$20,178 (out-of-state), $7,458 (in-state)","6,503",Nashville,TN,Public,Coed,1839,None,Urban,$183.7 million,9%
https://www.usnews.com/best-colleges/tennessee-tech-3523,Tennessee Technological University,#230-#301 in National Universities,"$17,081 (out-of-state), $8,700 (in-state)","9,365",Cookeville,TN,Public,Coed,1869,None,Rural,$61.1 million,4%
https://www.usnews.com/best-colleges/texas-am-commerce-3565,Texas A&M University--Commerce,#230-#301 in National Universities,"$21,198 (out-of-state), $8,748 (in-state)","8,031",Commerce,TX,Public,Coed,1869,None,Rural,$23.9 million +,2%
https://www.usnews.com/best-colleges/texas-am-university-corpus-christi-11161,Texas A&M University--Corpus Christi,#230-#301 in National Universities,"$26,061 (out-of-state), $9,308 (in-state)","10,174",Corpus Christi,TX,Public,Coed,1969,None,City,$16.4 million,2%
https://www.usnews.com/best-colleges/texas-am-kingsville-3639,Texas A&M University--Kingsville,#230-#301 in National Universities,"$20,912 (out-of-state), $8,462 (in-state)","6,775",Kingsville,TX,Public,Coed,1969,None,City,$23.4 million,4%
https://www.usnews.com/best-colleges/texas-southern-university-3642,Texas Southern University,#230-#301 in National Universities,"$21,623 (out-of-state), $9,173 (in-state)","7,967",Houston,TX,Public,Coed,1972,None,Urban,$53.5 million +,9%
https://www.usnews.com/best-colleges/texas-state-university-3615,Texas State University,#230-#301 in National Universities,"$23,385 (out-of-state), $10,935 (in-state)","34,180",San Marcos,TX,Public,Coed,1972,None,Suburban,$186.7 million,DNE
https://www.usnews.com/best-colleges/texas-womans-university-3646,Texas Woman's University,#230-#301 in National Universities,"$21,540 (out-of-state), $9,360 (in-state)","10,309",Denton,TX,Public,Coed,1885,None,City,$62.5 million,DNE
https://www.usnews.com/best-colleges/trevecca-nazarene-university-3526,Trevecca Nazarene University,#230-#301 in National Universities,"$25,598","2,219",Nashville,TN,Private,Coed,1885,Church of the Nazarene,Urban,$27.3 million +,6%
https://www.usnews.com/best-colleges/trinity-international-university-1772,Trinity International University,#230-#301 in National Universities,"$32,370","1,075",Deerfield,IL,Private,Coed,2005,Evangelical Free Church of America,Suburban,$44.8 million,3%
https://www.usnews.com/best-colleges/university-of-akron-3123,University of Akron,#230-#301 in National Universities,"$17,750 (out-of-state), $11,463 (in-state)","16,871",Akron,OH,Public,Coed,2005,None,Urban,$237.1 million +,2%
https://www.usnews.com/best-colleges/university-of-alabama-huntsville-1055,University of Alabama--Huntsville,#230-#301 in National Universities,"$21,504 (out-of-state), $10,313 (in-state)","7,090",Huntsville,AL,Public,Coed,1891,None,City,$76.0 million,2%
https://www.usnews.com/best-colleges/university-of-arkansas-little-rock-1101,University of Arkansas--Little Rock,#230-#301 in National Universities,"$19,797 (out-of-state), $8,401 (in-state)","9,324",Little Rock,AR,Public,Coed,1891,None,Urban,$74.7 million,4%
https://www.usnews.com/best-colleges/university-of-louisiana-lafayette-2031,University of Louisiana--Lafayette,#230-#301 in National Universities,"$23,616 (out-of-state), $9,888 (in-state)","15,666",Lafayette,LA,Public,Coed,1870,None,City,$146.7 million,2%
https://www.usnews.com/best-colleges/university-of-louisiana-monroe-2020,University of Louisiana--Monroe,#230-#301 in National Universities,"$20,570 (out-of-state), $8,470 (in-state)","7,948",Monroe,LA,Public,Coed,1870,None,City,$29.4 million +,4%
https://www.usnews.com/best-colleges/umes-2106,University of Maryland--Eastern Shore,#230-#301 in National Universities,"$18,048 (out-of-state), $8,042 (in-state)","2,862",Princess Anne,MD,Public,Coed,1935,None,Rural,N/A,3%
https://www.usnews.com/best-colleges/university-of-memphis-3509,University of Memphis,#230-#301 in National Universities,"$21,413 (out-of-state), $9,701 (in-state)","17,394",Memphis,TN,Public,Coed,1935,None,Urban,$209.1 million +,2%
https://www.usnews.com/best-colleges/umkc-2518,University of Missouri--Kansas City,#230-#301 in National Universities,"$25,999 (out-of-state), $9,734 (in-state)",N/A,Kansas City,MO,Public,Coed,1860,None,Urban,N/A,DNE
https://www.usnews.com/best-colleges/university-of-nebraska-omaha-2554,University of Nebraska--Omaha,#230-#301 in National Universities,"$21,904 (out-of-state), $8,930 (in-state)","12,624",Omaha,NE,Public,Coed,1860,None,Urban,$83.0 million,4%
https://www.usnews.com/best-colleges/unlv-2569,University of Nevada--Las Vegas,#230-#301 in National Universities,"$21,774 (out-of-state), $7,308 (in-state)","25,279",Las Vegas,NV,Public,Coed,1833,None,Urban,$219.8 million +,4%
https://www.usnews.com/best-colleges/university-of-new-orleans-2015,University of New Orleans,#230-#301 in National Universities,"$13,890 (out-of-state), $9,054 (in-state)","6,472",New Orleans,LA,Public,Coed,1833,None,Urban,$21.8 million,4%
https://www.usnews.com/best-colleges/university-of-northern-colorado-1349,University of Northern Colorado,#230-#301 in National Universities,"$21,131 (out-of-state), $9,545 (in-state)","9,977",Greeley,CO,Public,Coed,1868,None,Suburban,$83.4 million,DNE
https://www.usnews.com/best-colleges/unt-3594,University of North Texas,#230-#301 in National Universities,"$23,716 (out-of-state), $10,906 (in-state)","31,405",Denton,TX,Public,Coed,1868,None,City,$153.0 million,3%
https://www.usnews.com/best-colleges/university-of-south-alabama-1057,University of South Alabama,#230-#301 in National Universities,"$20,328 (out-of-state), $10,376 (in-state)","10,988",Mobile,AL,Public,Coed,1844,None,Suburban,$152.6 million,6%
https://www.usnews.com/best-colleges/university-of-southern-mississippi-2441,University of Southern Mississippi,#230-#301 in National Universities,"$10,514 (out-of-state), $8,514 (in-state)","11,815",Hattiesburg,MS,Public,Coed,1844,None,Suburban,N/A,2%
https://www.usnews.com/best-colleges/utep-3661,University of Texas--El Paso,#230-#301 in National Universities,"$21,396 (out-of-state), $7,651 (in-state)","21,341",El Paso,TX,Public,Coed,1890,None,City,$241.7 million,6%
https://www.usnews.com/best-colleges/university-of-texas-rio-grande-valley-666978,University of Texas--Rio Grande Valley,#230-#301 in National Universities,"$17,547 (out-of-state), $7,587 (in-state)","24,634",Edinburg,TX,Public,Coed,1890,None,N/A,N/A,2%
https://www.usnews.com/best-colleges/university-of-texas-san-antonio-10115,University of Texas--San Antonio,#230-#301 in National Universities,"$23,830 (out-of-state), $9,468 (in-state)","26,444",San Antonio,TX,Public,Coed,1896,None,Suburban,$152.6 million,2%
https://www.usnews.com/best-colleges/university-of-the-cumberlands-1962,University of the Cumberlands,#230-#301 in National Universities,"$23,000","3,315",Williamsburg,KY,Private,Coed,1896, Baptist,Rural,$81.5 million,3%
https://www.usnews.com/best-colleges/university-of-toledo-3131,University of Toledo,#230-#301 in National Universities,"$19,133 (out-of-state), $9,795 (in-state)","16,194",Toledo,OH,Public,Coed,1863,None,Urban,$294.1 million,6%
https://www.usnews.com/best-colleges/west-florida-3955,University of West Florida,#230-#301 in National Universities,"$18,628 (out-of-state), $6,360 (in-state)","10,009",Pensacola,FL,Public,Coed,1863,None,Suburban,$62.0 million,2%
https://www.usnews.com/best-colleges/university-of-west-georgia-1601,University of West Georgia,#230-#301 in National Universities,"$20,774 (out-of-state), $7,292 (in-state)","11,229",Carrollton,GA,Public,Coed,N/A,None,Rural,$29.0 million,DNE
https://www.usnews.com/best-colleges/uw-milwaukee-3896,University of Wisconsin--Milwaukee,#230-#301 in National Universities,"$20,844 (out-of-state), $9,565 (in-state)","20,750",Milwaukee,WI,Public,Coed,1819,None,Urban,$139.0 million +,4%
https://www.usnews.com/best-colleges/valdosta-state-university-1599,Valdosta State University,#230-#301 in National Universities,"$17,196 (out-of-state), $6,410 (in-state)","8,778",Valdosta,GA,Public,Coed,1819,None,City,$45.3 million,2%
https://www.usnews.com/best-colleges/wichita-state-university-1950,Wichita State University,#230-#301 in National Universities,"$17,452 (out-of-state), $8,271 (in-state)","12,398",Wichita,KS,Public,Coed,1865,None,Urban,$247.7 million +,7%
https://www.usnews.com/best-colleges/wilmington-university-7948,Wilmington University,#230-#301 in National Universities,"$11,210","8,460",New Castle,DE,Private,Coed,1865,None,Suburban,$85.4 million +,2%
